timestamp,user_id,ip_address,resource_accessed,action,status,duration_ms,location
2025-03-02 04:18:41,U010,192.168.3.24,/logs/auth_failures.log,read,success,1823,Unknown
2025-03-02 08:55:17,U024,10.0.14.159,/user/profile,delete,success,3,"San Antonio, TX"
2025-03-02 12:43:43,U019,172.16.0.24,/user/profile,print,success,1918,"Houston, TX"
2025-03-02 13:16:22,U012,172.16.0.64,/internal/api/data,executed,success,607,"El Paso, TX"
2025-03-01 15:15:01,U017,192.168.3.34,/finance/q1_report.xlsx,executed,success,1372,"Houston, TX"
2025-03-01 21:14:54,U003,172.16.0.78,/admin/settings,executed,denied,0,"Austin, TX"
2025-03-02 17:47:58,U024,172.16.0.87,/vault/scripts/run.sh,write,denied,0,"Austin, TX"
2025-03-01 11:17:50,U010,172.16.0.10,/secure/hr_docs.pdf,print,denied,0,"El Paso, TX"
2025-03-01 19:05:20,U008,172.16.0.227,/vault/scripts/run.sh,executed,success,1800,"Dallas, TX"
2025-03-01 22:29:21,U001,10.0.14.249,/internal/api/data,executed,success,318,"El Paso, TX"
2025-03-02 12:10:45,U015,10.0.14.135,/finance/q1_report.xlsx,write,success,678,"Dallas, TX"
2025-03-02 17:33:50,U010,172.16.0.18,/user/profile,print,success,1207,"Austin, TX"
2025-03-01 16:40:44,U019,10.0.14.152,/finance/q1_report.xlsx,print,denied,0,"Austin, TX"
2025-03-02 05:00:11,U024,172.16.0.254,/user/profile,write,success,228,"Austin, TX"
2025-03-02 07:58:57,U013,10.0.14.250,/vault/scripts/run.sh,delete,success,1231,Unknown
2025-03-01 15:57:34,U025,10.0.14.212,/user/profile,delete,success,1067,"El Paso, TX"
2025-03-01 18:59:27,U013,192.168.3.163,/vault/scripts/run.sh,executed,success,1698,Unknown
2025-03-02 22:17:01,U024,192.168.3.225,/secure/hr_docs.pdf,login,success,154,Unknown
2025-03-02 06:09:23,U010,192.168.3.127,/admin/settings,write,success,1661,"Houston, TX"
2025-03-02 04:06:15,U022,172.16.0.135,/vault/scripts/run.sh,write,success,1053,"San Antonio, TX"
2025-03-01 02:31:58,U013,172.16.0.52,/logs/auth_failures.log,login,success,1026,"Dallas, TX"
2025-03-02 14:22:45,U015,10.0.14.19,/user/profile,login,success,503,"El Paso, TX"
2025-03-01 13:18:20,U003,192.168.3.30,/user/profile,write,success,1771,Unknown
2025-03-01 20:55:41,U005,10.0.14.166,/finance/q1_report.xlsx,delete,denied,0,"San Antonio, TX"
2025-03-01 23:06:02,U013,10.0.14.97,/secure/hr_docs.pdf,write,success,90,"El Paso, TX"
2025-03-02 10:06:55,U022,10.0.14.21,/vault/scripts/run.sh,delete,success,526,"Houston, TX"
2025-03-02 22:58:46,U017,10.0.14.233,/logs/auth_failures.log,print,success,848,"Austin, TX"
2025-03-01 21:30:10,U017,172.16.0.63,/admin/settings,delete,success,1543,"Austin, TX"
2025-03-01 11:30:16,U002,192.168.3.66,/secure/hr_docs.pdf,executed,success,1560,"Houston, TX"
2025-03-02 07:22:24,U022,172.16.0.62,/admin/settings,delete,success,1275,"San Antonio, TX"
2025-03-01 13:52:14,U011,172.16.0.157,/vault/scripts/run.sh,print,success,1425,"Dallas, TX"
2025-03-02 08:55:30,U001,192.168.3.167,/finance/q1_report.xlsx,login,success,711,"Houston, TX"
2025-03-01 19:58:12,U008,10.0.14.211,/vault/scripts/run.sh,delete,success,920,"Dallas, TX"
2025-03-01 02:06:10,U023,10.0.14.48,/admin/settings,delete,success,1802,"El Paso, TX"
2025-03-02 12:10:00,U016,10.0.14.142,/internal/api/data,read,success,1836,"Austin, TX"
2025-03-01 15:40:45,U010,172.16.0.56,/vault/scripts/run.sh,read,success,27,"San Antonio, TX"
2025-03-01 14:19:11,U001,172.16.0.20,/vault/scripts/run.sh,executed,success,262,Unknown
2025-03-02 07:48:55,U021,172.16.0.80,/finance/q1_report.xlsx,read,success,1909,"San Antonio, TX"
2025-03-02 01:40:21,U017,10.0.14.14,/finance/q1_report.xlsx,executed,success,1925,"El Paso, TX"
2025-03-01 21:12:05,U014,10.0.14.106,/vault/scripts/run.sh,delete,success,1297,"Austin, TX"
2025-03-01 13:12:14,U021,172.16.0.154,/user/profile,write,success,896,"San Antonio, TX"
2025-03-02 07:40:59,U025,172.16.0.154,/admin/settings,write,success,568,"Austin, TX"
2025-03-02 20:49:03,U012,10.0.14.46,/user/profile,write,success,1929,"Dallas, TX"
2025-03-02 22:04:34,U010,172.16.0.214,/internal/api/data,executed,success,1281,"El Paso, TX"
2025-03-01 05:51:32,U022,172.16.0.134,/vault/scripts/run.sh,delete,success,1291,"Houston, TX"
2025-03-02 20:37:38,U007,10.0.14.101,/finance/q1_report.xlsx,delete,success,862,"El Paso, TX"
2025-03-01 06:21:34,U011,192.168.3.65,/internal/api/data,print,success,1321,"San Antonio, TX"
2025-03-02 18:55:00,U013,172.16.0.71,/logs/auth_failures.log,login,success,172,"El Paso, TX"
2025-03-01 12:44:02,U018,10.0.14.28,/finance/q1_report.xlsx,read,success,1663,"San Antonio, TX"
2025-03-02 00:15:22,U009,10.0.14.217,/internal/api/data,login,denied,0,"Houston, TX"
2025-03-01 16:05:42,U020,172.16.0.158,/user/profile,delete,success,854,Unknown
2025-03-02 14:32:01,U010,10.0.14.56,/vault/scripts/run.sh,login,success,1756,"Austin, TX"
2025-03-02 03:38:39,U022,10.0.14.223,/admin/settings,executed,success,163,"Houston, TX"
2025-03-02 11:42:20,U006,10.0.14.30,/user/profile,login,denied,0,"Austin, TX"
2025-03-02 17:01:18,U001,10.0.14.217,/finance/q1_report.xlsx,print,success,1160,"San Antonio, TX"
2025-03-02 04:45:00,U006,192.168.3.24,/secure/hr_docs.pdf,read,success,1869,"Houston, TX"
2025-03-02 12:22:53,U022,10.0.14.252,/admin/settings,read,success,660,"Austin, TX"
2025-03-02 14:37:21,U008,10.0.14.28,/user/profile,read,success,682,"El Paso, TX"
2025-03-02 14:46:54,U017,192.168.3.135,/admin/settings,executed,success,1763,"Austin, TX"
2025-03-01 16:29:23,U002,172.16.0.6,/user/profile,executed,success,1997,Unknown
2025-03-01 01:01:33,U011,172.16.0.236,/admin/settings,executed,success,1993,"San Antonio, TX"
2025-03-01 07:01:05,U019,192.168.3.137,/secure/hr_docs.pdf,write,success,429,Unknown
2025-03-01 15:58:54,U003,192.168.3.98,/user/profile,delete,success,552,"San Antonio, TX"
2025-03-02 15:34:56,U003,192.168.3.75,/logs/auth_failures.log,executed,success,311,Unknown
2025-03-01 21:39:19,U022,172.16.0.25,/internal/api/data,executed,success,139,"Austin, TX"
2025-03-01 22:28:45,U017,172.16.0.41,/internal/api/data,write,denied,0,"Dallas, TX"
2025-03-01 13:34:07,U002,10.0.14.104,/vault/scripts/run.sh,login,success,121,"El Paso, TX"
2025-03-02 16:39:21,U007,10.0.14.13,/user/profile,executed,success,523,"Houston, TX"
2025-03-02 11:56:22,U005,10.0.14.247,/internal/api/data,read,success,527,"Houston, TX"
2025-03-02 23:51:31,U001,172.16.0.6,/finance/q1_report.xlsx,executed,success,1862,"Austin, TX"
2025-03-01 17:05:34,U020,172.16.0.49,/internal/api/data,print,success,1594,"Houston, TX"
2025-03-01 19:11:37,U022,192.168.3.108,/finance/q1_report.xlsx,login,success,1773,"Houston, TX"
2025-03-02 17:18:45,U018,172.16.0.49,/finance/q1_report.xlsx,login,success,1901,"El Paso, TX"
2025-03-01 06:26:53,U017,10.0.14.55,/vault/scripts/run.sh,write,success,1278,"Houston, TX"
2025-03-01 17:07:16,U009,10.0.14.193,/secure/hr_docs.pdf,login,success,485,"San Antonio, TX"
2025-03-01 03:49:30,U001,172.16.0.151,/vault/scripts/run.sh,write,success,1541,Unknown
2025-03-02 21:57:51,U014,10.0.14.52,/vault/scripts/run.sh,executed,success,1932,"Houston, TX"
2025-03-01 16:55:48,U018,192.168.3.76,/secure/hr_docs.pdf,delete,success,1655,"Austin, TX"
2025-03-02 20:35:07,U008,172.16.0.103,/vault/scripts/run.sh,executed,success,891,"Austin, TX"
2025-03-01 16:38:09,U004,192.168.3.84,/logs/auth_failures.log,login,success,895,"Austin, TX"
2025-03-01 04:52:48,U010,192.168.3.63,/vault/scripts/run.sh,read,success,1751,"Dallas, TX"
2025-03-02 21:37:26,U022,192.168.3.220,/internal/api/data,print,success,303,Unknown
2025-03-02 12:22:30,U001,192.168.3.241,/secure/hr_docs.pdf,executed,success,1526,"Austin, TX"
2025-03-01 04:38:32,U008,172.16.0.244,/admin/settings,print,success,1083,"Dallas, TX"
2025-03-01 05:13:27,U024,10.0.14.203,/user/profile,executed,success,1191,"El Paso, TX"
2025-03-02 07:53:42,U004,172.16.0.221,/secure/hr_docs.pdf,write,success,1284,"Dallas, TX"
2025-03-01 12:05:41,U011,192.168.3.156,/secure/hr_docs.pdf,read,success,1136,"Dallas, TX"
2025-03-02 18:10:26,U025,192.168.3.241,/vault/scripts/run.sh,read,success,1950,"Austin, TX"
2025-03-02 17:33:56,U011,10.0.14.183,/secure/hr_docs.pdf,executed,success,1581,"El Paso, TX"
2025-03-02 22:51:16,U016,172.16.0.34,/vault/scripts/run.sh,read,success,457,"El Paso, TX"
2025-03-01 01:04:07,U010,192.168.3.145,/user/profile,executed,success,563,"Houston, TX"
2025-03-02 00:44:07,U023,172.16.0.143,/vault/scripts/run.sh,read,success,176,"San Antonio, TX"
2025-03-01 12:15:26,U002,192.168.3.66,/admin/settings,print,success,861,"Austin, TX"
2025-03-01 01:25:02,U022,172.16.0.113,/logs/auth_failures.log,login,success,1947,"Dallas, TX"
2025-03-02 14:27:35,U009,10.0.14.78,/secure/hr_docs.pdf,write,denied,0,Unknown
2025-03-02 06:32:11,U016,10.0.14.88,/logs/auth_failures.log,print,success,1939,"Houston, TX"
2025-03-01 21:39:36,U010,10.0.14.74,/logs/auth_failures.log,executed,success,1512,Unknown
2025-03-01 20:33:25,U008,192.168.3.103,/admin/settings,executed,denied,0,"El Paso, TX"
2025-03-02 09:29:33,U020,192.168.3.37,/admin/settings,print,success,696,"El Paso, TX"
2025-03-01 19:21:14,U002,10.0.14.157,/internal/api/data,delete,denied,0,Unknown
2025-03-01 16:20:29,U005,192.168.3.68,/admin/settings,login,success,313,"Houston, TX"
2025-03-02 20:28:09,U025,192.168.3.148,/admin/settings,executed,success,259,"Austin, TX"
2025-03-02 22:44:04,U019,10.0.14.23,/internal/api/data,login,denied,0,"Houston, TX"
2025-03-01 09:19:31,U022,192.168.3.37,/admin/settings,print,success,812,"Austin, TX"
2025-03-01 03:20:43,U010,192.168.3.236,/admin/settings,login,success,117,"El Paso, TX"
2025-03-02 02:56:58,U015,10.0.14.186,/admin/settings,read,success,767,"Dallas, TX"
2025-03-01 20:16:24,U022,10.0.14.244,/user/profile,executed,success,1989,"El Paso, TX"
2025-03-02 06:29:18,U007,172.16.0.10,/vault/scripts/run.sh,write,success,404,"San Antonio, TX"
2025-03-01 18:25:42,U017,172.16.0.43,/secure/hr_docs.pdf,delete,success,1254,"Dallas, TX"
2025-03-01 02:28:27,U016,10.0.14.90,/secure/hr_docs.pdf,delete,success,678,"San Antonio, TX"
2025-03-01 09:44:22,U007,10.0.14.160,/secure/hr_docs.pdf,executed,denied,0,"El Paso, TX"
2025-03-02 16:31:29,U021,172.16.0.98,/secure/hr_docs.pdf,print,success,358,"Dallas, TX"
2025-03-01 09:36:49,U020,10.0.14.4,/logs/auth_failures.log,print,success,50,"El Paso, TX"
2025-03-01 09:24:02,U001,192.168.3.68,/admin/settings,write,success,1537,"El Paso, TX"
2025-03-01 22:40:05,U001,10.0.14.179,/admin/settings,write,success,197,"El Paso, TX"
2025-03-01 20:20:49,U008,10.0.14.74,/logs/auth_failures.log,login,success,315,"Houston, TX"
2025-03-02 19:04:38,U010,172.16.0.15,/vault/scripts/run.sh,executed,denied,0,"Austin, TX"
2025-03-01 01:53:59,U019,10.0.14.193,/admin/settings,print,success,850,"Dallas, TX"
2025-03-01 02:38:49,U003,192.168.3.200,/logs/auth_failures.log,print,success,1916,"Austin, TX"
2025-03-01 07:44:08,U006,10.0.14.201,/internal/api/data,login,success,1290,Unknown
2025-03-01 04:34:27,U018,172.16.0.203,/secure/hr_docs.pdf,delete,denied,0,"Austin, TX"
2025-03-01 23:53:18,U020,10.0.14.231,/internal/api/data,login,success,1061,Unknown
2025-03-01 20:55:45,U023,172.16.0.46,/admin/settings,write,success,935,"Austin, TX"
2025-03-02 09:43:23,U024,10.0.14.12,/user/profile,write,success,1781,"Houston, TX"
2025-03-02 08:07:38,U021,172.16.0.247,/internal/api/data,executed,success,1798,"El Paso, TX"
2025-03-02 02:20:57,U025,172.16.0.72,/vault/scripts/run.sh,login,success,1294,"San Antonio, TX"
2025-03-01 10:43:40,U004,192.168.3.92,/user/profile,login,denied,0,"Houston, TX"
2025-03-01 13:20:11,U022,172.16.0.6,/logs/auth_failures.log,login,success,770,"Austin, TX"
2025-03-01 03:53:31,U017,172.16.0.121,/user/profile,print,denied,0,"San Antonio, TX"
2025-03-01 17:29:52,U007,172.16.0.65,/admin/settings,executed,success,953,"Dallas, TX"
2025-03-01 19:15:37,U014,192.168.3.238,/admin/settings,login,success,581,"San Antonio, TX"
2025-03-02 02:37:45,U016,172.16.0.29,/user/profile,write,success,153,"Austin, TX"
2025-03-02 00:01:39,U006,172.16.0.210,/user/profile,print,success,637,"Dallas, TX"
2025-03-02 02:58:49,U002,10.0.14.128,/admin/settings,executed,success,1704,"El Paso, TX"
2025-03-01 17:54:24,U017,10.0.14.158,/vault/scripts/run.sh,delete,success,1152,Unknown
2025-03-01 03:46:43,U004,192.168.3.245,/vault/scripts/run.sh,print,success,1024,"Houston, TX"
2025-03-02 22:33:45,U002,192.168.3.194,/secure/hr_docs.pdf,read,success,1210,"San Antonio, TX"
2025-03-02 04:51:32,U001,172.16.0.246,/logs/auth_failures.log,executed,denied,0,Unknown
2025-03-02 13:38:51,U006,172.16.0.194,/admin/settings,delete,success,791,"El Paso, TX"
2025-03-02 17:29:39,U014,10.0.14.120,/finance/q1_report.xlsx,login,success,430,"Austin, TX"
2025-03-02 20:09:03,U013,10.0.14.249,/vault/scripts/run.sh,write,denied,0,"Dallas, TX"
2025-03-02 15:29:51,U012,172.16.0.81,/user/profile,executed,success,268,"Austin, TX"
2025-03-01 12:04:29,U003,192.168.3.195,/user/profile,executed,success,863,"Dallas, TX"
2025-03-02 13:52:20,U006,192.168.3.44,/internal/api/data,write,success,109,"San Antonio, TX"
2025-03-01 06:43:32,U012,192.168.3.183,/logs/auth_failures.log,print,success,1384,"Austin, TX"
2025-03-01 10:03:06,U003,192.168.3.224,/user/profile,login,success,1329,"Houston, TX"
2025-03-01 03:32:05,U024,10.0.14.53,/internal/api/data,write,success,786,"El Paso, TX"
2025-03-01 22:41:34,U023,192.168.3.242,/vault/scripts/run.sh,executed,success,1611,"Houston, TX"
2025-03-02 15:23:59,U008,10.0.14.111,/secure/hr_docs.pdf,login,success,1569,"Houston, TX"
2025-03-01 08:11:23,U023,10.0.14.89,/internal/api/data,read,success,1150,"San Antonio, TX"
2025-03-01 01:57:41,U007,192.168.3.180,/secure/hr_docs.pdf,login,success,1407,"Houston, TX"
2025-03-02 03:33:22,U017,172.16.0.58,/secure/hr_docs.pdf,read,success,1971,"San Antonio, TX"
2025-03-02 04:10:28,U004,192.168.3.191,/user/profile,executed,success,547,"Austin, TX"
2025-03-01 14:06:27,U011,10.0.14.166,/finance/q1_report.xlsx,print,denied,0,"Houston, TX"
2025-03-02 17:39:53,U008,192.168.3.69,/internal/api/data,print,success,1824,"El Paso, TX"
2025-03-02 01:45:53,U006,192.168.3.200,/vault/scripts/run.sh,delete,success,436,"Houston, TX"
2025-03-01 19:16:53,U003,172.16.0.217,/user/profile,login,success,218,"San Antonio, TX"
2025-03-01 19:26:39,U020,192.168.3.153,/logs/auth_failures.log,read,success,1471,"Houston, TX"
2025-03-02 17:20:15,U020,192.168.3.105,/internal/api/data,write,success,1753,"Houston, TX"
2025-03-02 10:01:30,U023,172.16.0.153,/user/profile,print,success,284,Unknown
2025-03-01 23:23:59,U006,10.0.14.64,/admin/settings,delete,success,1590,"San Antonio, TX"
2025-03-01 22:18:58,U022,10.0.14.58,/finance/q1_report.xlsx,login,success,237,"El Paso, TX"
2025-03-02 17:59:15,U011,192.168.3.207,/secure/hr_docs.pdf,delete,denied,0,"San Antonio, TX"
2025-03-01 22:41:06,U013,192.168.3.4,/admin/settings,delete,success,1914,"El Paso, TX"
2025-03-01 22:34:55,U010,172.16.0.125,/logs/auth_failures.log,executed,denied,0,"Austin, TX"
2025-03-02 06:53:10,U002,172.16.0.140,/internal/api/data,delete,success,1663,"El Paso, TX"
2025-03-02 03:37:45,U020,192.168.3.53,/finance/q1_report.xlsx,login,success,1144,"Houston, TX"
2025-03-01 16:32:58,U010,192.168.3.155,/internal/api/data,delete,success,1667,"Dallas, TX"
2025-03-01 03:35:08,U012,10.0.14.227,/internal/api/data,login,success,1214,Unknown
2025-03-02 18:06:33,U016,10.0.14.64,/admin/settings,read,denied,0,Unknown
2025-03-01 07:40:16,U023,172.16.0.193,/secure/hr_docs.pdf,print,success,36,"Dallas, TX"
2025-03-01 08:42:59,U015,192.168.3.238,/internal/api/data,delete,success,436,Unknown
2025-03-02 13:04:12,U012,10.0.14.21,/secure/hr_docs.pdf,print,denied,0,"Houston, TX"
2025-03-01 15:15:18,U008,192.168.3.156,/internal/api/data,print,success,528,"Houston, TX"
2025-03-02 14:08:54,U008,192.168.3.229,/finance/q1_report.xlsx,login,success,55,Unknown
2025-03-02 20:14:51,U010,10.0.14.123,/user/profile,read,denied,0,"Austin, TX"
2025-03-02 10:34:38,U011,192.168.3.230,/finance/q1_report.xlsx,print,success,1168,Unknown
2025-03-01 08:11:00,U014,10.0.14.244,/internal/api/data,read,denied,0,"Houston, TX"
2025-03-02 15:10:17,U009,10.0.14.224,/user/profile,write,denied,0,"Houston, TX"
2025-03-02 17:58:33,U008,172.16.0.174,/finance/q1_report.xlsx,print,success,1175,"San Antonio, TX"
2025-03-02 01:38:05,U002,192.168.3.94,/secure/hr_docs.pdf,delete,success,1322,"San Antonio, TX"
2025-03-02 12:22:39,U018,10.0.14.23,/admin/settings,write,success,1463,"El Paso, TX"
2025-03-01 14:19:30,U002,172.16.0.239,/logs/auth_failures.log,write,success,153,"San Antonio, TX"
2025-03-02 06:35:05,U002,172.16.0.229,/logs/auth_failures.log,write,success,452,"San Antonio, TX"
2025-03-02 19:59:57,U008,10.0.14.125,/secure/hr_docs.pdf,executed,success,1232,"San Antonio, TX"
2025-03-01 16:54:36,U012,10.0.14.89,/logs/auth_failures.log,delete,success,881,"El Paso, TX"
2025-03-02 22:42:48,U016,10.0.14.121,/logs/auth_failures.log,read,success,1369,"Dallas, TX"
2025-03-02 07:00:33,U013,10.0.14.5,/user/profile,executed,success,1528,"Dallas, TX"
2025-03-01 00:00:07,U012,10.0.14.172,/secure/hr_docs.pdf,login,success,1658,"Houston, TX"
2025-03-01 21:28:04,U018,10.0.14.229,/vault/scripts/run.sh,print,success,1889,"Dallas, TX"
2025-03-02 05:40:10,U016,192.168.3.6,/internal/api/data,executed,success,1788,"El Paso, TX"
2025-03-02 15:05:15,U004,192.168.3.99,/vault/scripts/run.sh,write,success,1405,"Austin, TX"
2025-03-01 06:53:38,U003,172.16.0.186,/user/profile,print,success,466,Unknown
2025-03-01 01:43:23,U021,192.168.3.65,/user/profile,write,success,478,Unknown
2025-03-02 04:18:04,U014,192.168.3.164,/user/profile,write,success,942,"Austin, TX"
2025-03-01 22:07:28,U012,10.0.14.94,/logs/auth_failures.log,write,success,604,"Houston, TX"
2025-03-01 12:45:52,U014,10.0.14.7,/logs/auth_failures.log,login,success,362,"San Antonio, TX"
2025-03-02 11:59:54,U011,10.0.14.91,/logs/auth_failures.log,login,success,1305,"Dallas, TX"
2025-03-02 01:03:22,U001,192.168.3.13,/vault/scripts/run.sh,read,success,1297,"Dallas, TX"
2025-03-02 13:34:56,U024,10.0.14.45,/logs/auth_failures.log,login,success,566,"Houston, TX"
2025-03-01 02:10:30,U009,192.168.3.217,/vault/scripts/run.sh,print,success,822,"El Paso, TX"
2025-03-02 03:27:36,U020,192.168.3.147,/vault/scripts/run.sh,print,success,1550,"Houston, TX"
2025-03-01 07:52:28,U018,192.168.3.102,/secure/hr_docs.pdf,delete,success,851,"El Paso, TX"
2025-03-02 23:15:18,U002,10.0.14.85,/logs/auth_failures.log,delete,success,201,"Dallas, TX"
2025-03-02 07:21:27,U024,172.16.0.149,/secure/hr_docs.pdf,executed,success,1721,"San Antonio, TX"
2025-03-02 05:42:04,U018,172.16.0.183,/internal/api/data,print,success,561,"Houston, TX"
2025-03-01 04:32:12,U006,10.0.14.8,/secure/hr_docs.pdf,write,success,926,Unknown
2025-03-02 03:38:55,U005,172.16.0.33,/user/profile,delete,success,1924,"San Antonio, TX"
2025-03-01 08:06:45,U002,192.168.3.98,/vault/scripts/run.sh,delete,success,1675,"Houston, TX"
2025-03-01 17:20:50,U014,172.16.0.120,/admin/settings,executed,success,793,"El Paso, TX"
2025-03-02 23:13:40,U010,10.0.14.185,/internal/api/data,login,denied,0,"Dallas, TX"
2025-03-02 12:35:20,U012,192.168.3.251,/vault/scripts/run.sh,delete,success,891,"Dallas, TX"
2025-03-01 14:30:34,U025,10.0.14.156,/vault/scripts/run.sh,print,success,1476,"Dallas, TX"
2025-03-02 15:59:16,U007,192.168.3.145,/vault/scripts/run.sh,delete,success,165,Unknown
2025-03-02 07:48:58,U020,172.16.0.107,/logs/auth_failures.log,executed,success,923,Unknown
2025-03-01 04:51:48,U009,192.168.3.147,/finance/q1_report.xlsx,write,denied,0,"San Antonio, TX"
2025-03-01 11:35:14,U012,192.168.3.45,/vault/scripts/run.sh,executed,success,733,"Austin, TX"
2025-03-01 19:21:28,U012,192.168.3.143,/logs/auth_failures.log,executed,success,797,Unknown
2025-03-01 15:06:32,U020,172.16.0.11,/vault/scripts/run.sh,login,success,9,"Dallas, TX"
2025-03-01 10:23:25,U018,10.0.14.117,/admin/settings,read,denied,0,"Dallas, TX"
2025-03-01 03:28:35,U022,192.168.3.107,/secure/hr_docs.pdf,delete,success,375,"Dallas, TX"
2025-03-01 12:16:53,U022,172.16.0.92,/secure/hr_docs.pdf,executed,denied,0,"San Antonio, TX"
2025-03-02 23:46:46,U002,172.16.0.175,/admin/settings,read,success,1051,"Austin, TX"
2025-03-01 10:08:15,U013,192.168.3.46,/logs/auth_failures.log,login,success,893,"El Paso, TX"
2025-03-01 07:13:32,U025,192.168.3.112,/admin/settings,executed,success,1002,"Houston, TX"
2025-03-02 23:59:45,U019,10.0.14.169,/finance/q1_report.xlsx,delete,success,1814,"Austin, TX"
2025-03-01 07:05:29,U010,10.0.14.21,/finance/q1_report.xlsx,executed,success,657,"San Antonio, TX"
2025-03-02 01:30:44,U021,192.168.3.141,/secure/hr_docs.pdf,write,success,1289,"El Paso, TX"
2025-03-02 14:20:50,U019,172.16.0.132,/admin/settings,executed,success,140,"Dallas, TX"
2025-03-02 03:30:25,U001,10.0.14.121,/user/profile,print,success,1656,"Dallas, TX"
2025-03-02 03:30:40,U004,192.168.3.115,/vault/scripts/run.sh,print,success,1806,"San Antonio, TX"
2025-03-01 09:49:31,U022,172.16.0.234,/vault/scripts/run.sh,login,success,1320,Unknown
2025-03-01 21:02:50,U010,172.16.0.45,/secure/hr_docs.pdf,read,success,994,Unknown
2025-03-02 06:26:58,U022,172.16.0.144,/internal/api/data,print,success,414,"San Antonio, TX"
2025-03-01 06:55:55,U007,172.16.0.100,/logs/auth_failures.log,executed,success,414,Unknown
2025-03-01 03:26:39,U025,172.16.0.162,/logs/auth_failures.log,print,denied,0,"San Antonio, TX"
2025-03-02 23:03:55,U020,172.16.0.52,/secure/hr_docs.pdf,executed,success,1112,"El Paso, TX"
2025-03-01 19:22:52,U013,192.168.3.155,/vault/scripts/run.sh,login,success,391,"San Antonio, TX"
2025-03-02 07:16:21,U007,172.16.0.220,/user/profile,executed,denied,0,"Austin, TX"
2025-03-02 10:27:06,U020,172.16.0.192,/internal/api/data,executed,success,1826,"San Antonio, TX"
2025-03-02 07:38:00,U009,172.16.0.248,/logs/auth_failures.log,write,success,1115,Unknown
2025-03-02 16:33:07,U007,192.168.3.48,/finance/q1_report.xlsx,executed,denied,0,"El Paso, TX"
2025-03-01 10:18:00,U022,10.0.14.200,/internal/api/data,delete,success,457,"Dallas, TX"
2025-03-02 11:53:21,U021,192.168.3.68,/admin/settings,read,success,873,"Austin, TX"
2025-03-02 14:00:31,U015,172.16.0.170,/vault/scripts/run.sh,executed,success,44,"San Antonio, TX"
2025-03-01 10:31:56,U009,10.0.14.50,/secure/hr_docs.pdf,login,denied,0,"San Antonio, TX"
2025-03-02 15:58:18,U009,192.168.3.23,/secure/hr_docs.pdf,write,success,107,Unknown
2025-03-02 12:12:44,U001,10.0.14.87,/user/profile,print,success,1458,Unknown
2025-03-01 03:36:22,U005,10.0.14.166,/internal/api/data,login,success,593,"Houston, TX"
2025-03-01 04:51:35,U006,172.16.0.204,/secure/hr_docs.pdf,login,denied,0,"Houston, TX"
2025-03-01 13:27:10,U022,10.0.14.170,/vault/scripts/run.sh,delete,success,374,"Austin, TX"
2025-03-01 11:55:38,U019,192.168.3.96,/admin/settings,read,success,1576,"Dallas, TX"
2025-03-01 01:00:25,U009,192.168.3.43,/secure/hr_docs.pdf,write,success,1477,"Dallas, TX"
2025-03-02 02:21:06,U019,172.16.0.120,/logs/auth_failures.log,read,success,963,"El Paso, TX"
2025-03-01 17:41:12,U013,192.168.3.57,/admin/settings,write,success,335,"San Antonio, TX"
2025-03-01 12:00:16,U016,192.168.3.163,/vault/scripts/run.sh,write,success,1701,Unknown
2025-03-01 17:06:22,U014,172.16.0.65,/internal/api/data,print,success,1813,"El Paso, TX"
2025-03-01 16:15:26,U020,10.0.14.63,/vault/scripts/run.sh,write,success,349,"Houston, TX"
2025-03-01 23:31:16,U003,192.168.3.180,/user/profile,write,success,1606,"San Antonio, TX"
2025-03-01 19:37:20,U025,172.16.0.71,/finance/q1_report.xlsx,executed,success,957,Unknown
2025-03-02 08:35:14,U025,192.168.3.57,/user/profile,login,success,396,"El Paso, TX"
2025-03-01 12:47:22,U009,192.168.3.48,/logs/auth_failures.log,delete,denied,0,"El Paso, TX"
2025-03-01 18:57:57,U001,192.168.3.198,/internal/api/data,print,success,857,"San Antonio, TX"
2025-03-02 09:35:51,U023,172.16.0.24,/user/profile,write,success,1107,"El Paso, TX"
2025-03-02 06:14:47,U015,10.0.14.44,/internal/api/data,delete,success,877,"San Antonio, TX"
2025-03-01 13:53:45,U002,192.168.3.167,/vault/scripts/run.sh,login,denied,0,"Dallas, TX"
2025-03-01 03:32:49,U010,10.0.14.53,/admin/settings,executed,success,216,"El Paso, TX"
2025-03-02 13:25:51,U008,172.16.0.130,/finance/q1_report.xlsx,write,success,1113,"Dallas, TX"
2025-03-01 09:04:16,U019,172.16.0.222,/vault/scripts/run.sh,write,denied,0,"Austin, TX"
2025-03-01 17:16:07,U014,192.168.3.65,/vault/scripts/run.sh,print,success,1166,"Dallas, TX"
2025-03-02 01:27:52,U025,10.0.14.83,/internal/api/data,login,success,1003,Unknown
2025-03-02 01:06:49,U020,10.0.14.201,/admin/settings,delete,success,1819,"Austin, TX"
2025-03-02 03:31:02,U023,10.0.14.19,/vault/scripts/run.sh,executed,success,1651,"San Antonio, TX"
2025-03-01 09:10:47,U007,192.168.3.190,/secure/hr_docs.pdf,print,success,202,"Dallas, TX"
2025-03-02 19:47:16,U023,10.0.14.75,/secure/hr_docs.pdf,executed,denied,0,"Austin, TX"
2025-03-01 13:12:23,U022,10.0.14.239,/vault/scripts/run.sh,login,success,339,"San Antonio, TX"
2025-03-02 04:32:26,U003,192.168.3.12,/user/profile,executed,denied,0,"San Antonio, TX"
2025-03-01 02:58:27,U002,172.16.0.107,/internal/api/data,executed,success,1676,"San Antonio, TX"
2025-03-01 16:27:13,U014,10.0.14.244,/internal/api/data,login,success,1357,"San Antonio, TX"
2025-03-02 15:12:09,U008,10.0.14.55,/vault/scripts/run.sh,write,success,1166,"Dallas, TX"
2025-03-02 21:01:48,U017,172.16.0.19,/vault/scripts/run.sh,read,success,1925,"El Paso, TX"
2025-03-01 07:54:07,U017,172.16.0.222,/vault/scripts/run.sh,print,success,1843,Unknown
2025-03-02 20:19:26,U015,192.168.3.9,/logs/auth_failures.log,login,denied,0,"El Paso, TX"
2025-03-02 08:47:45,U003,192.168.3.211,/internal/api/data,print,success,1658,"Austin, TX"
2025-03-02 07:29:18,U016,172.16.0.38,/finance/q1_report.xlsx,read,success,380,"El Paso, TX"
2025-03-02 08:22:35,U003,172.16.0.80,/finance/q1_report.xlsx,login,success,1945,Unknown
2025-03-01 05:31:01,U022,172.16.0.103,/logs/auth_failures.log,write,success,314,"Austin, TX"
2025-03-01 12:04:24,U005,192.168.3.38,/admin/settings,print,success,72,"Austin, TX"
2025-03-01 13:33:25,U021,10.0.14.128,/logs/auth_failures.log,executed,success,1831,"Austin, TX"
2025-03-01 11:02:09,U012,10.0.14.181,/user/profile,print,success,331,"Houston, TX"
2025-03-02 00:14:04,U021,192.168.3.210,/admin/settings,print,success,841,"Dallas, TX"
2025-03-02 08:53:14,U023,10.0.14.195,/finance/q1_report.xlsx,login,denied,0,Unknown
2025-03-01 14:21:23,U016,192.168.3.51,/logs/auth_failures.log,login,success,450,"San Antonio, TX"
2025-03-01 23:51:57,U010,192.168.3.23,/admin/settings,executed,denied,0,"Austin, TX"
2025-03-01 23:39:29,U022,172.16.0.111,/vault/scripts/run.sh,executed,success,1293,"El Paso, TX"
2025-03-01 18:02:52,U022,192.168.3.36,/finance/q1_report.xlsx,read,success,201,"Houston, TX"
2025-03-01 14:41:03,U013,172.16.0.108,/logs/auth_failures.log,login,success,109,"El Paso, TX"
2025-03-02 05:05:12,U008,192.168.3.199,/user/profile,print,denied,0,"San Antonio, TX"
2025-03-02 05:44:36,U014,10.0.14.77,/admin/settings,print,success,15,"San Antonio, TX"
2025-03-02 05:32:56,U017,172.16.0.196,/finance/q1_report.xlsx,print,success,47,"Dallas, TX"
2025-03-01 10:04:19,U012,192.168.3.234,/logs/auth_failures.log,delete,success,1882,"Austin, TX"
2025-03-02 18:34:51,U004,192.168.3.69,/internal/api/data,print,denied,0,"Dallas, TX"
2025-03-01 06:37:50,U024,172.16.0.87,/finance/q1_report.xlsx,read,success,975,"Austin, TX"
2025-03-02 04:53:37,U019,10.0.14.187,/logs/auth_failures.log,executed,success,1445,"Houston, TX"
2025-03-02 06:48:04,U024,172.16.0.85,/finance/q1_report.xlsx,write,success,1433,"San Antonio, TX"
2025-03-02 18:02:49,U023,10.0.14.138,/logs/auth_failures.log,write,denied,0,"Dallas, TX"
2025-03-02 11:50:27,U017,172.16.0.10,/secure/hr_docs.pdf,write,success,1982,"Dallas, TX"
2025-03-01 22:59:07,U005,172.16.0.153,/finance/q1_report.xlsx,login,denied,0,Unknown
2025-03-02 16:11:00,U006,192.168.3.209,/logs/auth_failures.log,read,success,1185,"San Antonio, TX"
2025-03-02 21:13:44,U003,192.168.3.176,/finance/q1_report.xlsx,write,denied,0,"Dallas, TX"
2025-03-02 07:47:50,U013,192.168.3.184,/admin/settings,print,success,1102,Unknown
2025-03-01 02:36:16,U014,172.16.0.72,/vault/scripts/run.sh,print,success,1268,"Houston, TX"
2025-03-02 00:59:28,U015,10.0.14.76,/vault/scripts/run.sh,read,success,1939,"Austin, TX"
2025-03-01 02:45:31,U019,172.16.0.107,/admin/settings,write,success,1567,Unknown
2025-03-02 06:24:42,U022,172.16.0.232,/finance/q1_report.xlsx,login,success,1390,"Dallas, TX"
2025-03-01 13:48:10,U022,10.0.14.122,/vault/scripts/run.sh,read,success,1506,"Houston, TX"
2025-03-01 23:34:23,U010,192.168.3.102,/logs/auth_failures.log,executed,success,807,"San Antonio, TX"
2025-03-01 01:35:04,U009,192.168.3.196,/internal/api/data,delete,success,1274,Unknown
2025-03-01 09:41:06,U014,192.168.3.237,/user/profile,login,success,1775,"San Antonio, TX"
2025-03-01 22:45:02,U015,192.168.3.83,/internal/api/data,print,denied,0,"Dallas, TX"
2025-03-02 19:55:54,U018,172.16.0.100,/internal/api/data,write,success,1989,Unknown
2025-03-01 23:50:39,U003,172.16.0.178,/user/profile,write,success,777,"Houston, TX"
2025-03-01 04:31:18,U024,192.168.3.170,/vault/scripts/run.sh,delete,denied,0,"Houston, TX"
2025-03-02 09:12:36,U018,172.16.0.248,/admin/settings,delete,success,838,"Austin, TX"
2025-03-02 14:37:37,U003,10.0.14.238,/internal/api/data,delete,success,798,"El Paso, TX"
2025-03-01 12:59:23,U021,192.168.3.16,/logs/auth_failures.log,print,success,299,Unknown
2025-03-01 15:21:04,U013,172.16.0.241,/internal/api/data,write,success,1323,"Dallas, TX"
2025-03-02 03:47:04,U002,10.0.14.247,/admin/settings,delete,success,149,"Houston, TX"
2025-03-02 08:01:19,U014,192.168.3.237,/internal/api/data,login,success,1349,"Austin, TX"
2025-03-02 08:26:38,U020,10.0.14.162,/user/profile,print,success,1092,"Houston, TX"
2025-03-01 02:26:03,U013,192.168.3.34,/logs/auth_failures.log,read,success,1307,Unknown
2025-03-01 13:48:23,U004,10.0.14.248,/vault/scripts/run.sh,print,success,1075,Unknown
2025-03-01 08:49:33,U012,172.16.0.29,/admin/settings,write,success,1600,"San Antonio, TX"
2025-03-02 20:28:40,U007,10.0.14.34,/user/profile,write,success,238,"Houston, TX"
2025-03-01 17:48:31,U003,192.168.3.121,/vault/scripts/run.sh,print,success,1085,"Dallas, TX"
2025-03-01 15:22:00,U006,10.0.14.197,/user/profile,login,denied,0,"Dallas, TX"
2025-03-01 01:13:23,U013,10.0.14.47,/internal/api/data,login,success,257,"Houston, TX"
2025-03-01 00:06:30,U002,172.16.0.70,/finance/q1_report.xlsx,print,success,856,"Austin, TX"
2025-03-01 04:45:55,U009,10.0.14.243,/logs/auth_failures.log,print,denied,0,Unknown
2025-03-01 00:55:25,U006,10.0.14.16,/internal/api/data,print,success,524,"Houston, TX"
2025-03-02 03:02:11,U025,10.0.14.34,/secure/hr_docs.pdf,print,success,579,"San Antonio, TX"
2025-03-01 17:18:30,U009,10.0.14.254,/admin/settings,executed,success,1850,Unknown
2025-03-02 03:26:57,U014,10.0.14.216,/finance/q1_report.xlsx,delete,success,1201,"Dallas, TX"
2025-03-01 07:49:02,U005,172.16.0.212,/vault/scripts/run.sh,delete,success,1474,"San Antonio, TX"
2025-03-01 23:53:37,U018,192.168.3.124,/admin/settings,print,success,1102,"El Paso, TX"
2025-03-01 07:41:33,U013,192.168.3.208,/admin/settings,write,success,1235,"El Paso, TX"
2025-03-02 12:41:27,U016,10.0.14.187,/secure/hr_docs.pdf,delete,success,631,"San Antonio, TX"
2025-03-02 08:13:35,U022,192.168.3.247,/admin/settings,read,success,377,"El Paso, TX"
2025-03-01 23:51:46,U010,10.0.14.73,/secure/hr_docs.pdf,executed,success,1023,"Austin, TX"
2025-03-02 02:53:03,U021,172.16.0.189,/user/profile,write,success,92,"San Antonio, TX"
2025-03-01 22:37:13,U015,192.168.3.3,/finance/q1_report.xlsx,delete,denied,0,"San Antonio, TX"
2025-03-02 11:17:59,U008,172.16.0.213,/secure/hr_docs.pdf,print,success,1313,"El Paso, TX"
2025-03-01 18:01:38,U015,172.16.0.152,/logs/auth_failures.log,read,success,121,Unknown
2025-03-01 02:24:43,U020,172.16.0.192,/vault/scripts/run.sh,read,success,910,Unknown
2025-03-01 01:02:00,U022,10.0.14.28,/logs/auth_failures.log,login,success,66,"San Antonio, TX"
2025-03-01 03:11:31,U013,172.16.0.220,/admin/settings,delete,success,1634,Unknown
2025-03-02 03:58:39,U016,192.168.3.237,/finance/q1_report.xlsx,delete,success,596,"Austin, TX"
2025-03-02 22:19:12,U014,172.16.0.26,/internal/api/data,delete,success,1926,"El Paso, TX"
2025-03-02 10:33:11,U017,192.168.3.40,/admin/settings,login,success,631,"Dallas, TX"
2025-03-02 22:12:46,U003,10.0.14.80,/logs/auth_failures.log,delete,success,1247,"El Paso, TX"
2025-03-01 05:43:04,U019,10.0.14.77,/internal/api/data,print,denied,0,Unknown
2025-03-01 17:23:32,U016,172.16.0.5,/finance/q1_report.xlsx,delete,denied,0,"Dallas, TX"
2025-03-01 22:08:55,U012,172.16.0.34,/admin/settings,read,success,6,"San Antonio, TX"
2025-03-02 00:02:18,U020,192.168.3.245,/logs/auth_failures.log,delete,success,340,"Dallas, TX"
2025-03-01 20:10:09,U016,10.0.14.69,/logs/auth_failures.log,login,denied,0,"Austin, TX"
2025-03-01 18:19:28,U024,192.168.3.174,/admin/settings,login,success,1496,"Houston, TX"
2025-03-01 02:07:14,U004,10.0.14.82,/user/profile,login,success,1135,"Austin, TX"
2025-03-01 09:41:00,U016,172.16.0.157,/internal/api/data,read,success,1388,"Dallas, TX"
2025-03-01 03:48:07,U022,10.0.14.84,/user/profile,print,success,622,Unknown
2025-03-02 02:51:24,U022,10.0.14.140,/logs/auth_failures.log,login,success,1381,"Austin, TX"
2025-03-01 06:01:47,U017,10.0.14.24,/logs/auth_failures.log,print,success,1611,"Austin, TX"
2025-03-01 17:56:49,U007,10.0.14.17,/finance/q1_report.xlsx,executed,success,1423,Unknown
2025-03-02 10:28:22,U001,172.16.0.6,/vault/scripts/run.sh,executed,success,1053,"Austin, TX"
2025-03-02 18:38:15,U017,10.0.14.46,/logs/auth_failures.log,read,denied,0,"El Paso, TX"
2025-03-01 16:24:51,U019,192.168.3.241,/logs/auth_failures.log,write,success,531,"Dallas, TX"
2025-03-01 12:07:14,U009,172.16.0.87,/admin/settings,login,success,782,"Houston, TX"
2025-03-02 22:38:00,U011,10.0.14.107,/user/profile,delete,success,1536,"El Paso, TX"
2025-03-01 10:32:52,U024,10.0.14.122,/admin/settings,write,success,1895,Unknown
2025-03-02 23:21:57,U019,10.0.14.229,/vault/scripts/run.sh,login,success,5,"San Antonio, TX"
2025-03-01 07:20:46,U017,192.168.3.238,/secure/hr_docs.pdf,login,success,1215,"Austin, TX"
2025-03-02 23:02:17,U022,172.16.0.241,/internal/api/data,login,success,103,"Houston, TX"
2025-03-02 09:41:05,U020,10.0.14.243,/secure/hr_docs.pdf,delete,success,194,"El Paso, TX"
2025-03-01 05:10:27,U020,192.168.3.115,/logs/auth_failures.log,read,success,450,"Dallas, TX"
2025-03-01 09:17:02,U010,172.16.0.167,/internal/api/data,print,success,862,"El Paso, TX"
2025-03-02 13:06:53,U016,172.16.0.244,/logs/auth_failures.log,executed,success,1945,Unknown
2025-03-02 06:22:31,U011,10.0.14.6,/secure/hr_docs.pdf,read,success,2,"San Antonio, TX"
2025-03-02 22:41:51,U005,172.16.0.230,/logs/auth_failures.log,delete,denied,0,"Austin, TX"
2025-03-01 06:35:02,U005,172.16.0.94,/admin/settings,read,success,1804,"San Antonio, TX"
2025-03-02 03:05:03,U023,172.16.0.12,/logs/auth_failures.log,login,denied,0,"El Paso, TX"
2025-03-02 22:22:58,U018,192.168.3.240,/vault/scripts/run.sh,delete,success,810,"San Antonio, TX"
2025-03-01 20:45:24,U009,10.0.14.208,/admin/settings,login,success,1121,"Austin, TX"
2025-03-01 14:28:54,U021,10.0.14.16,/internal/api/data,print,success,1205,Unknown
2025-03-01 19:06:44,U017,10.0.14.236,/vault/scripts/run.sh,login,success,474,"El Paso, TX"
2025-03-01 06:38:38,U022,172.16.0.99,/finance/q1_report.xlsx,delete,success,1769,"San Antonio, TX"
2025-03-01 10:45:58,U004,172.16.0.240,/secure/hr_docs.pdf,delete,denied,0,Unknown
2025-03-01 07:59:50,U015,172.16.0.89,/finance/q1_report.xlsx,delete,success,1224,"San Antonio, TX"
2025-03-01 03:19:23,U020,10.0.14.234,/logs/auth_failures.log,write,success,550,"Houston, TX"
2025-03-01 14:30:58,U014,172.16.0.170,/secure/hr_docs.pdf,login,denied,0,Unknown
2025-03-02 01:55:50,U020,172.16.0.48,/admin/settings,print,success,272,"Houston, TX"
2025-03-02 17:40:36,U019,172.16.0.18,/admin/settings,read,success,1403,"Austin, TX"
2025-03-01 08:21:41,U009,172.16.0.61,/logs/auth_failures.log,login,success,234,"Austin, TX"
2025-03-02 16:22:08,U001,192.168.3.59,/admin/settings,print,success,1311,"Austin, TX"
2025-03-02 02:03:28,U009,172.16.0.35,/admin/settings,write,success,1645,"San Antonio, TX"
2025-03-01 20:06:18,U011,10.0.14.141,/internal/api/data,print,success,744,"San Antonio, TX"
2025-03-01 18:43:49,U011,10.0.14.227,/user/profile,executed,denied,0,"San Antonio, TX"
2025-03-01 10:47:40,U011,172.16.0.219,/internal/api/data,write,success,1777,"El Paso, TX"
2025-03-02 13:35:55,U010,172.16.0.204,/vault/scripts/run.sh,read,success,806,"Dallas, TX"
2025-03-01 02:50:19,U013,10.0.14.229,/finance/q1_report.xlsx,delete,success,47,"Dallas, TX"
2025-03-01 08:52:39,U002,172.16.0.86,/internal/api/data,write,success,1825,"San Antonio, TX"
2025-03-02 01:34:25,U017,192.168.3.46,/vault/scripts/run.sh,executed,success,651,"Austin, TX"
2025-03-01 22:07:39,U007,172.16.0.29,/internal/api/data,executed,success,1664,"San Antonio, TX"
2025-03-01 09:52:44,U020,192.168.3.94,/user/profile,print,success,1465,"Austin, TX"
2025-03-02 17:45:03,U022,10.0.14.53,/secure/hr_docs.pdf,login,success,777,"Houston, TX"
2025-03-01 10:24:06,U005,10.0.14.251,/logs/auth_failures.log,write,success,1389,Unknown
2025-03-02 05:37:37,U004,192.168.3.151,/admin/settings,executed,success,1715,"El Paso, TX"
2025-03-01 08:53:29,U022,192.168.3.179,/finance/q1_report.xlsx,print,denied,0,Unknown
2025-03-01 00:48:27,U009,10.0.14.32,/user/profile,print,success,1967,"Austin, TX"
2025-03-02 19:09:58,U003,172.16.0.185,/secure/hr_docs.pdf,login,denied,0,"San Antonio, TX"
2025-03-01 16:15:13,U007,192.168.3.218,/logs/auth_failures.log,login,success,1450,"El Paso, TX"
2025-03-01 16:13:04,U009,192.168.3.238,/internal/api/data,write,success,798,"Austin, TX"
2025-03-01 20:35:14,U011,10.0.14.148,/finance/q1_report.xlsx,login,denied,0,"Austin, TX"
2025-03-02 03:30:20,U022,192.168.3.121,/admin/settings,delete,success,708,"El Paso, TX"
2025-03-01 15:09:29,U005,192.168.3.170,/admin/settings,write,success,1667,Unknown
2025-03-02 08:05:01,U005,172.16.0.127,/vault/scripts/run.sh,print,denied,0,Unknown
2025-03-02 06:41:52,U003,172.16.0.18,/user/profile,executed,success,973,"Dallas, TX"
2025-03-02 02:39:49,U013,192.168.3.173,/internal/api/data,delete,success,1269,"Austin, TX"
2025-03-02 15:59:07,U008,192.168.3.173,/vault/scripts/run.sh,write,success,1446,"San Antonio, TX"
2025-03-02 22:27:09,U004,172.16.0.199,/logs/auth_failures.log,login,denied,0,"Houston, TX"
2025-03-01 03:33:39,U019,10.0.14.129,/user/profile,delete,success,1634,"San Antonio, TX"
2025-03-02 12:41:57,U025,172.16.0.2,/vault/scripts/run.sh,login,success,611,"Austin, TX"
2025-03-01 11:15:13,U022,172.16.0.23,/admin/settings,login,success,1321,"Houston, TX"
2025-03-01 05:39:56,U025,192.168.3.199,/logs/auth_failures.log,executed,success,1580,"San Antonio, TX"
2025-03-02 08:27:00,U006,192.168.3.203,/admin/settings,executed,success,140,"Austin, TX"
2025-03-01 23:00:39,U001,10.0.14.48,/vault/scripts/run.sh,print,denied,0,"Austin, TX"
2025-03-01 05:03:48,U011,172.16.0.77,/finance/q1_report.xlsx,read,success,1257,"Austin, TX"
2025-03-01 18:01:00,U011,172.16.0.1,/secure/hr_docs.pdf,write,success,886,"Houston, TX"
2025-03-01 19:03:30,U018,172.16.0.188,/user/profile,delete,success,1380,Unknown
2025-03-01 00:27:43,U011,192.168.3.61,/internal/api/data,delete,success,88,"Austin, TX"
2025-03-02 19:03:21,U023,172.16.0.25,/user/profile,executed,success,385,"El Paso, TX"
2025-03-02 23:02:42,U021,10.0.14.4,/vault/scripts/run.sh,executed,success,1981,"El Paso, TX"
2025-03-01 10:30:21,U012,172.16.0.50,/finance/q1_report.xlsx,login,success,768,"El Paso, TX"
2025-03-01 05:29:08,U010,10.0.14.55,/user/profile,print,denied,0,"Houston, TX"
2025-03-01 04:20:25,U014,172.16.0.212,/secure/hr_docs.pdf,delete,success,1339,"Houston, TX"
2025-03-02 14:08:32,U001,192.168.3.194,/user/profile,print,denied,0,"Dallas, TX"
2025-03-01 16:04:55,U017,192.168.3.201,/admin/settings,read,success,462,"El Paso, TX"
2025-03-02 04:57:58,U022,172.16.0.132,/user/profile,print,success,389,"San Antonio, TX"
2025-03-01 14:12:51,U024,172.16.0.13,/admin/settings,print,success,1684,Unknown
2025-03-01 08:08:26,U006,10.0.14.24,/secure/hr_docs.pdf,read,success,1470,"Austin, TX"
2025-03-01 15:33:36,U014,192.168.3.28,/secure/hr_docs.pdf,delete,success,1355,"San Antonio, TX"
2025-03-01 15:31:26,U006,10.0.14.123,/internal/api/data,print,success,475,"Houston, TX"
2025-03-01 09:44:17,U013,172.16.0.95,/admin/settings,print,denied,0,Unknown
2025-03-01 13:28:38,U007,10.0.14.40,/finance/q1_report.xlsx,print,success,176,Unknown
2025-03-01 19:01:55,U007,10.0.14.84,/admin/settings,executed,success,1115,"San Antonio, TX"
2025-03-01 15:41:53,U008,10.0.14.65,/vault/scripts/run.sh,delete,success,36,"San Antonio, TX"
2025-03-01 20:24:35,U005,10.0.14.188,/user/profile,read,success,1885,"Houston, TX"
2025-03-02 11:10:00,U015,192.168.3.64,/finance/q1_report.xlsx,login,success,1330,"San Antonio, TX"
2025-03-02 22:05:09,U025,172.16.0.124,/admin/settings,delete,denied,0,"Dallas, TX"
2025-03-02 08:09:51,U017,192.168.3.49,/secure/hr_docs.pdf,executed,success,323,"Dallas, TX"
2025-03-01 05:36:55,U023,192.168.3.200,/secure/hr_docs.pdf,delete,denied,0,"Houston, TX"
2025-03-02 08:40:50,U002,192.168.3.107,/vault/scripts/run.sh,write,denied,0,"Austin, TX"
2025-03-02 10:24:51,U005,10.0.14.169,/finance/q1_report.xlsx,executed,success,303,"Austin, TX"
2025-03-02 03:05:28,U021,172.16.0.107,/finance/q1_report.xlsx,login,success,1193,"El Paso, TX"
2025-03-02 14:04:11,U001,192.168.3.187,/vault/scripts/run.sh,login,denied,0,"San Antonio, TX"
2025-03-02 00:22:31,U006,192.168.3.72,/internal/api/data,print,success,989,Unknown
2025-03-01 00:12:35,U017,172.16.0.94,/internal/api/data,executed,success,1681,"Houston, TX"
2025-03-01 06:17:10,U001,10.0.14.91,/internal/api/data,write,success,1226,Unknown
2025-03-02 11:16:24,U011,192.168.3.66,/internal/api/data,login,success,1486,Unknown
2025-03-01 19:23:49,U019,10.0.14.161,/finance/q1_report.xlsx,executed,success,693,"Houston, TX"
2025-03-01 15:17:58,U018,172.16.0.25,/user/profile,print,success,1955,"Dallas, TX"
2025-03-01 17:11:29,U023,10.0.14.233,/admin/settings,print,success,1003,"Dallas, TX"
2025-03-01 08:38:25,U007,10.0.14.26,/finance/q1_report.xlsx,executed,success,1045,"Dallas, TX"
2025-03-01 14:23:00,U009,192.168.3.31,/secure/hr_docs.pdf,login,success,470,"Dallas, TX"
2025-03-02 14:07:38,U019,192.168.3.52,/user/profile,print,success,1833,"San Antonio, TX"
2025-03-01 08:05:17,U022,10.0.14.2,/finance/q1_report.xlsx,delete,success,1715,"Houston, TX"
2025-03-01 02:42:49,U016,172.16.0.212,/logs/auth_failures.log,executed,denied,0,"Houston, TX"
2025-03-01 19:52:58,U006,192.168.3.25,/finance/q1_report.xlsx,login,success,1956,"Dallas, TX"
2025-03-02 07:04:18,U020,172.16.0.32,/finance/q1_report.xlsx,executed,success,1137,"Austin, TX"
2025-03-01 17:28:49,U010,172.16.0.90,/internal/api/data,login,success,364,"San Antonio, TX"
2025-03-01 05:03:47,U017,10.0.14.98,/vault/scripts/run.sh,executed,success,1836,"Dallas, TX"
2025-03-01 17:53:29,U001,192.168.3.141,/secure/hr_docs.pdf,login,success,1350,"Austin, TX"
2025-03-02 04:43:26,U023,172.16.0.241,/vault/scripts/run.sh,executed,success,797,"Houston, TX"
2025-03-01 03:34:24,U015,192.168.3.5,/logs/auth_failures.log,print,success,640,Unknown
2025-03-02 04:23:09,U019,172.16.0.70,/secure/hr_docs.pdf,read,success,1040,"Austin, TX"
2025-03-01 18:20:51,U015,172.16.0.230,/admin/settings,read,success,303,Unknown
2025-03-02 16:50:07,U011,192.168.3.139,/internal/api/data,executed,denied,0,"Dallas, TX"
2025-03-02 06:58:04,U016,192.168.3.180,/secure/hr_docs.pdf,write,success,1333,"San Antonio, TX"
2025-03-02 07:01:41,U008,192.168.3.144,/secure/hr_docs.pdf,read,success,1101,"El Paso, TX"
2025-03-02 10:30:14,U006,192.168.3.21,/logs/auth_failures.log,executed,success,645,Unknown
2025-03-02 16:35:33,U023,172.16.0.240,/user/profile,print,success,56,"Austin, TX"
2025-03-02 09:54:34,U024,192.168.3.190,/secure/hr_docs.pdf,delete,success,949,"Dallas, TX"
2025-03-02 20:03:21,U011,172.16.0.114,/logs/auth_failures.log,write,success,1554,"San Antonio, TX"
2025-03-01 17:14:36,U005,10.0.14.208,/admin/settings,executed,success,640,"Austin, TX"
2025-03-02 14:48:50,U018,10.0.14.130,/vault/scripts/run.sh,write,success,97,"Houston, TX"
2025-03-01 07:11:56,U005,172.16.0.146,/internal/api/data,delete,success,1208,"Houston, TX"
2025-03-01 13:45:20,U003,192.168.3.143,/finance/q1_report.xlsx,read,success,1555,"Austin, TX"
2025-03-01 17:11:22,U004,10.0.14.237,/admin/settings,write,success,756,Unknown
2025-03-02 07:45:46,U014,10.0.14.36,/secure/hr_docs.pdf,delete,success,146,"San Antonio, TX"
2025-03-02 16:28:04,U002,172.16.0.28,/user/profile,read,success,1841,"Austin, TX"
2025-03-01 04:52:13,U023,172.16.0.140,/user/profile,login,success,832,"Dallas, TX"
2025-03-02 10:49:56,U013,10.0.14.74,/admin/settings,delete,success,1812,"Houston, TX"
2025-03-01 06:35:44,U003,10.0.14.146,/admin/settings,login,success,1686,"El Paso, TX"
2025-03-01 22:58:40,U022,192.168.3.37,/internal/api/data,executed,success,1844,"San Antonio, TX"
2025-03-02 03:08:00,U024,10.0.14.153,/user/profile,print,success,956,"Dallas, TX"
2025-03-02 00:48:17,U019,10.0.14.72,/internal/api/data,login,success,522,"Houston, TX"
2025-03-02 21:04:03,U001,172.16.0.99,/user/profile,login,success,825,"El Paso, TX"
2025-03-01 08:29:51,U003,172.16.0.70,/admin/settings,print,success,1712,Unknown
2025-03-02 03:03:06,U022,172.16.0.79,/admin/settings,executed,success,827,"San Antonio, TX"
2025-03-02 03:59:00,U002,172.16.0.20,/vault/scripts/run.sh,delete,success,1209,"El Paso, TX"
2025-03-01 23:33:04,U021,10.0.14.126,/finance/q1_report.xlsx,write,success,1294,"Austin, TX"
2025-03-02 00:59:28,U011,192.168.3.200,/vault/scripts/run.sh,write,success,1653,"Houston, TX"
2025-03-02 12:31:39,U017,172.16.0.200,/secure/hr_docs.pdf,write,success,720,"San Antonio, TX"
2025-03-01 21:53:01,U023,10.0.14.154,/admin/settings,read,success,428,Unknown
2025-03-01 12:29:24,U013,192.168.3.208,/secure/hr_docs.pdf,read,success,535,"Austin, TX"
2025-03-01 11:31:09,U012,192.168.3.54,/secure/hr_docs.pdf,delete,success,601,"El Paso, TX"
2025-03-02 13:41:55,U017,172.16.0.159,/finance/q1_report.xlsx,delete,denied,0,"San Antonio, TX"
2025-03-02 18:01:13,U016,172.16.0.10,/logs/auth_failures.log,read,success,905,"Houston, TX"
2025-03-01 03:33:41,U016,172.16.0.252,/vault/scripts/run.sh,print,denied,0,"Dallas, TX"
2025-03-02 13:17:11,U019,172.16.0.162,/vault/scripts/run.sh,print,success,917,"Houston, TX"
2025-03-02 17:21:05,U022,10.0.14.222,/logs/auth_failures.log,login,success,1576,Unknown
2025-03-01 07:35:29,U004,172.16.0.162,/internal/api/data,login,success,1299,"Dallas, TX"
2025-03-01 16:39:22,U002,172.16.0.109,/finance/q1_report.xlsx,print,success,1615,"Houston, TX"
2025-03-01 01:01:38,U025,10.0.14.143,/finance/q1_report.xlsx,login,denied,0,"Houston, TX"
2025-03-02 20:41:53,U008,10.0.14.150,/user/profile,delete,success,1879,"San Antonio, TX"
2025-03-02 11:10:27,U013,192.168.3.13,/user/profile,read,success,1057,"Dallas, TX"
2025-03-02 05:46:35,U023,192.168.3.85,/vault/scripts/run.sh,read,denied,0,Unknown
2025-03-01 07:22:49,U010,192.168.3.187,/logs/auth_failures.log,print,success,113,"El Paso, TX"
2025-03-01 07:13:27,U025,172.16.0.192,/vault/scripts/run.sh,print,success,1110,"Houston, TX"
2025-03-02 22:01:57,U003,192.168.3.20,/vault/scripts/run.sh,login,success,422,"Dallas, TX"
2025-03-02 02:14:57,U018,10.0.14.175,/finance/q1_report.xlsx,executed,success,1071,"El Paso, TX"
2025-03-02 02:07:14,U004,172.16.0.39,/finance/q1_report.xlsx,print,success,394,"Austin, TX"
2025-03-02 18:21:51,U012,192.168.3.208,/internal/api/data,write,success,85,"Austin, TX"
2025-03-02 11:17:54,U016,192.168.3.92,/finance/q1_report.xlsx,executed,success,848,Unknown
2025-03-01 06:26:31,U005,192.168.3.162,/user/profile,delete,success,814,"El Paso, TX"
2025-03-01 10:26:15,U022,192.168.3.26,/secure/hr_docs.pdf,executed,success,194,"Dallas, TX"
2025-03-02 13:30:14,U019,192.168.3.4,/user/profile,executed,success,1147,Unknown
2025-03-01 21:02:27,U006,172.16.0.212,/secure/hr_docs.pdf,read,success,1236,"Dallas, TX"
2025-03-02 11:26:00,U004,10.0.14.216,/vault/scripts/run.sh,read,denied,0,"San Antonio, TX"
2025-03-01 21:36:55,U001,172.16.0.204,/admin/settings,print,success,1624,Unknown
2025-03-02 17:57:35,U022,192.168.3.163,/internal/api/data,executed,success,804,"Dallas, TX"
2025-03-02 18:29:25,U017,172.16.0.109,/admin/settings,read,success,1137,"El Paso, TX"
2025-03-01 11:55:41,U002,192.168.3.74,/logs/auth_failures.log,delete,success,1960,"Austin, TX"
2025-03-02 14:42:26,U011,10.0.14.175,/secure/hr_docs.pdf,print,success,775,"Dallas, TX"
2025-03-01 01:26:29,U003,192.168.3.138,/internal/api/data,executed,success,27,"Dallas, TX"
2025-03-02 18:26:47,U017,172.16.0.161,/internal/api/data,print,success,147,"Austin, TX"
2025-03-02 10:22:12,U007,10.0.14.25,/secure/hr_docs.pdf,print,success,987,"Houston, TX"
2025-03-01 09:23:47,U010,10.0.14.15,/logs/auth_failures.log,login,success,1470,"Dallas, TX"
2025-03-01 02:44:03,U002,192.168.3.129,/secure/hr_docs.pdf,print,success,20,"San Antonio, TX"
2025-03-01 07:06:02,U005,10.0.14.141,/finance/q1_report.xlsx,executed,denied,0,"San Antonio, TX"
2025-03-01 13:15:36,U020,172.16.0.196,/secure/hr_docs.pdf,print,denied,0,Unknown
2025-03-01 18:54:07,U009,172.16.0.154,/admin/settings,read,success,1701,"Houston, TX"
2025-03-01 16:11:16,U009,192.168.3.170,/admin/settings,write,success,59,"Dallas, TX"
2025-03-01 13:11:14,U004,10.0.14.61,/logs/auth_failures.log,print,success,722,"Austin, TX"
2025-03-02 14:40:10,U013,10.0.14.203,/user/profile,write,success,344,"Dallas, TX"
2025-03-01 14:59:15,U010,10.0.14.121,/logs/auth_failures.log,read,success,994,"San Antonio, TX"
2025-03-02 11:39:16,U019,172.16.0.222,/secure/hr_docs.pdf,write,success,910,Unknown
2025-03-02 03:40:10,U007,192.168.3.18,/finance/q1_report.xlsx,login,success,1759,"San Antonio, TX"
2025-03-02 03:19:29,U009,10.0.14.169,/secure/hr_docs.pdf,print,success,1168,"Dallas, TX"
2025-03-02 12:33:08,U017,172.16.0.10,/vault/scripts/run.sh,print,success,850,Unknown
2025-03-02 15:50:31,U023,192.168.3.251,/logs/auth_failures.log,delete,success,233,Unknown
2025-03-01 02:29:02,U025,10.0.14.249,/admin/settings,login,success,1535,"Austin, TX"
2025-03-02 00:21:43,U007,192.168.3.244,/admin/settings,executed,denied,0,"El Paso, TX"
2025-03-01 18:51:12,U023,172.16.0.172,/logs/auth_failures.log,write,success,375,"San Antonio, TX"
2025-03-02 12:17:49,U004,192.168.3.77,/secure/hr_docs.pdf,print,denied,0,"Dallas, TX"
2025-03-01 08:00:31,U007,192.168.3.145,/admin/settings,executed,success,1542,"Dallas, TX"
2025-03-02 11:52:22,U016,10.0.14.188,/logs/auth_failures.log,print,success,366,"Austin, TX"
2025-03-02 17:30:34,U020,172.16.0.163,/secure/hr_docs.pdf,read,success,115,"Houston, TX"
2025-03-01 11:26:26,U024,10.0.14.127,/user/profile,read,success,1231,"San Antonio, TX"
2025-03-02 06:23:12,U013,172.16.0.52,/user/profile,print,success,1097,"Houston, TX"
2025-03-01 18:29:22,U008,192.168.3.210,/vault/scripts/run.sh,delete,success,201,"El Paso, TX"
2025-03-01 15:14:46,U016,172.16.0.108,/user/profile,read,success,786,Unknown
2025-03-02 01:13:28,U021,10.0.14.149,/admin/settings,delete,denied,0,Unknown
2025-03-02 07:43:00,U018,10.0.14.240,/logs/auth_failures.log,write,success,223,"Houston, TX"
2025-03-02 01:53:51,U022,192.168.3.155,/user/profile,delete,success,1428,"Dallas, TX"
2025-03-02 13:34:02,U018,172.16.0.183,/finance/q1_report.xlsx,write,success,338,"Dallas, TX"
2025-03-01 23:08:51,U023,192.168.3.87,/user/profile,login,success,1560,Unknown
2025-03-02 22:06:44,U021,10.0.14.97,/secure/hr_docs.pdf,login,success,1299,"Austin, TX"
2025-03-01 08:17:04,U012,192.168.3.220,/logs/auth_failures.log,read,success,758,"San Antonio, TX"
2025-03-02 16:14:12,U009,10.0.14.239,/vault/scripts/run.sh,login,denied,0,Unknown
2025-03-01 13:25:51,U019,10.0.14.214,/finance/q1_report.xlsx,read,success,673,"El Paso, TX"
2025-03-02 19:25:09,U009,192.168.3.226,/user/profile,delete,success,78,"Dallas, TX"
2025-03-02 15:05:24,U005,10.0.14.5,/finance/q1_report.xlsx,write,success,546,"Austin, TX"
2025-03-02 20:33:02,U009,192.168.3.211,/secure/hr_docs.pdf,write,success,530,"Austin, TX"
2025-03-01 23:47:23,U012,192.168.3.114,/secure/hr_docs.pdf,read,success,1844,"Houston, TX"
2025-03-01 04:38:01,U021,10.0.14.118,/vault/scripts/run.sh,write,denied,0,Unknown
2025-03-02 22:02:25,U006,172.16.0.79,/logs/auth_failures.log,print,success,1995,"Houston, TX"
2025-03-01 21:29:34,U006,10.0.14.237,/internal/api/data,read,success,171,Unknown
2025-03-01 10:35:27,U010,192.168.3.222,/secure/hr_docs.pdf,read,success,1827,"Dallas, TX"
2025-03-01 00:15:17,U001,192.168.3.65,/finance/q1_report.xlsx,login,success,1906,Unknown
2025-03-02 02:34:53,U014,192.168.3.170,/finance/q1_report.xlsx,read,success,1398,"El Paso, TX"
2025-03-02 19:16:40,U015,10.0.14.68,/vault/scripts/run.sh,read,success,858,"Austin, TX"
2025-03-02 08:11:14,U023,172.16.0.26,/vault/scripts/run.sh,login,denied,0,"Austin, TX"
2025-03-02 02:39:55,U002,10.0.14.2,/internal/api/data,login,success,61,Unknown
2025-03-02 23:56:20,U021,192.168.3.179,/user/profile,login,success,1174,"El Paso, TX"
2025-03-01 20:40:05,U009,192.168.3.200,/user/profile,delete,success,1489,"Dallas, TX"
2025-03-02 20:51:45,U014,192.168.3.187,/internal/api/data,write,success,1498,"San Antonio, TX"
2025-03-01 02:48:21,U015,172.16.0.115,/vault/scripts/run.sh,login,success,125,"Dallas, TX"
2025-03-02 15:35:29,U012,192.168.3.70,/user/profile,executed,success,1655,"Houston, TX"
2025-03-01 15:00:34,U024,10.0.14.142,/secure/hr_docs.pdf,login,denied,0,"Dallas, TX"
2025-03-01 17:38:17,U018,172.16.0.156,/internal/api/data,delete,success,1944,Unknown
2025-03-01 06:13:16,U011,192.168.3.52,/logs/auth_failures.log,read,success,98,"El Paso, TX"
2025-03-02 13:38:02,U018,192.168.3.96,/internal/api/data,write,success,949,"San Antonio, TX"
2025-03-01 16:44:02,U015,10.0.14.33,/logs/auth_failures.log,read,success,1123,"Houston, TX"
2025-03-01 19:19:19,U011,172.16.0.120,/admin/settings,print,success,1697,"Houston, TX"
2025-03-01 07:52:10,U009,172.16.0.167,/finance/q1_report.xlsx,read,denied,0,"Dallas, TX"
2025-03-01 20:43:18,U023,172.16.0.216,/vault/scripts/run.sh,write,success,1780,"Houston, TX"
2025-03-01 01:46:59,U015,10.0.14.76,/finance/q1_report.xlsx,delete,success,1631,"San Antonio, TX"
2025-03-01 19:29:23,U010,172.16.0.47,/secure/hr_docs.pdf,print,success,1182,"Houston, TX"
2025-03-01 03:34:02,U016,192.168.3.175,/admin/settings,executed,success,342,"El Paso, TX"
2025-03-01 04:35:44,U001,10.0.14.17,/secure/hr_docs.pdf,delete,success,31,"San Antonio, TX"
2025-03-02 10:25:39,U025,172.16.0.209,/logs/auth_failures.log,print,denied,0,"San Antonio, TX"
2025-03-02 17:00:23,U003,192.168.3.187,/admin/settings,print,success,1221,"San Antonio, TX"
2025-03-01 16:40:45,U023,192.168.3.139,/internal/api/data,delete,success,883,"Houston, TX"
2025-03-02 15:12:49,U014,192.168.3.79,/secure/hr_docs.pdf,login,success,910,Unknown
2025-03-01 14:23:56,U005,10.0.14.135,/admin/settings,executed,success,981,"Austin, TX"
2025-03-02 00:28:16,U003,10.0.14.164,/finance/q1_report.xlsx,delete,success,80,"Houston, TX"
2025-03-02 10:04:51,U015,172.16.0.82,/vault/scripts/run.sh,delete,success,1339,"Austin, TX"
2025-03-02 02:42:34,U024,10.0.14.3,/secure/hr_docs.pdf,login,success,778,"San Antonio, TX"
2025-03-01 23:08:52,U014,172.16.0.213,/vault/scripts/run.sh,write,denied,0,Unknown
2025-03-01 19:02:12,U006,10.0.14.222,/vault/scripts/run.sh,write,success,1344,"Dallas, TX"
2025-03-01 15:26:58,U024,10.0.14.105,/user/profile,read,success,1623,"El Paso, TX"
2025-03-02 17:32:16,U015,192.168.3.201,/vault/scripts/run.sh,read,success,1813,"Houston, TX"
2025-03-02 18:49:38,U017,172.16.0.29,/user/profile,delete,success,1250,"El Paso, TX"
2025-03-02 09:31:42,U007,172.16.0.93,/vault/scripts/run.sh,login,success,1789,"Austin, TX"
2025-03-02 17:54:51,U007,10.0.14.62,/vault/scripts/run.sh,read,success,450,"Houston, TX"
2025-03-02 04:04:13,U001,10.0.14.64,/vault/scripts/run.sh,delete,success,911,Unknown
2025-03-01 09:13:56,U023,172.16.0.68,/user/profile,write,success,183,"El Paso, TX"
2025-03-02 17:00:49,U014,172.16.0.1,/logs/auth_failures.log,write,success,1513,"Dallas, TX"
2025-03-02 10:11:00,U003,172.16.0.57,/user/profile,write,denied,0,"Dallas, TX"
2025-03-01 10:19:25,U011,172.16.0.204,/finance/q1_report.xlsx,login,denied,0,"El Paso, TX"
2025-03-02 07:19:09,U007,10.0.14.163,/user/profile,print,success,1089,"Austin, TX"
2025-03-01 16:48:12,U001,10.0.14.36,/internal/api/data,print,success,6,"Dallas, TX"
2025-03-01 20:07:47,U011,192.168.3.33,/logs/auth_failures.log,print,denied,0,"Dallas, TX"
2025-03-01 08:57:45,U007,10.0.14.208,/logs/auth_failures.log,delete,denied,0,"El Paso, TX"
2025-03-02 05:57:47,U010,192.168.3.198,/finance/q1_report.xlsx,executed,success,775,"Houston, TX"
2025-03-01 13:04:35,U005,10.0.14.64,/finance/q1_report.xlsx,print,success,1578,Unknown
2025-03-02 22:43:16,U008,192.168.3.52,/secure/hr_docs.pdf,print,success,766,"San Antonio, TX"
2025-03-02 12:26:31,U020,10.0.14.11,/internal/api/data,delete,success,907,"Dallas, TX"
2025-03-01 10:08:16,U017,10.0.14.161,/secure/hr_docs.pdf,read,success,1152,"Austin, TX"
2025-03-02 18:40:16,U019,172.16.0.159,/logs/auth_failures.log,login,denied,0,"Houston, TX"
2025-03-02 18:20:33,U012,10.0.14.9,/logs/auth_failures.log,write,success,1649,"Austin, TX"
2025-03-02 10:53:30,U023,192.168.3.88,/internal/api/data,delete,success,1258,"El Paso, TX"
2025-03-02 13:08:12,U014,172.16.0.60,/vault/scripts/run.sh,login,success,991,"El Paso, TX"
2025-03-01 04:58:46,U017,192.168.3.35,/vault/scripts/run.sh,write,success,1071,"San Antonio, TX"
2025-03-01 16:05:13,U011,172.16.0.247,/vault/scripts/run.sh,delete,denied,0,"El Paso, TX"
2025-03-02 07:16:35,U021,172.16.0.193,/secure/hr_docs.pdf,read,success,1359,"Houston, TX"
2025-03-02 23:13:32,U025,10.0.14.205,/internal/api/data,executed,success,1181,Unknown
2025-03-01 20:05:07,U016,172.16.0.39,/secure/hr_docs.pdf,login,success,650,"San Antonio, TX"
2025-03-01 04:09:06,U016,172.16.0.63,/admin/settings,write,success,1343,"El Paso, TX"
2025-03-02 19:55:05,U010,172.16.0.211,/admin/settings,executed,success,567,"Dallas, TX"
2025-03-01 15:36:19,U005,172.16.0.47,/logs/auth_failures.log,executed,success,366,"Austin, TX"
2025-03-02 10:37:51,U007,172.16.0.185,/internal/api/data,write,success,1916,"El Paso, TX"
2025-03-01 13:56:35,U002,10.0.14.229,/user/profile,read,success,299,"El Paso, TX"
2025-03-02 15:14:55,U005,172.16.0.49,/logs/auth_failures.log,print,success,1141,"San Antonio, TX"
2025-03-02 11:45:11,U008,172.16.0.41,/user/profile,executed,success,750,"San Antonio, TX"
2025-03-02 10:33:30,U025,172.16.0.210,/logs/auth_failures.log,login,success,470,"El Paso, TX"
2025-03-01 14:31:16,U024,10.0.14.167,/secure/hr_docs.pdf,write,success,201,"San Antonio, TX"
2025-03-01 21:52:05,U015,10.0.14.168,/finance/q1_report.xlsx,print,success,1524,"Austin, TX"
2025-03-01 06:59:07,U004,172.16.0.249,/user/profile,executed,success,1505,"Austin, TX"
2025-03-01 20:05:54,U019,172.16.0.127,/admin/settings,print,success,281,"Dallas, TX"
2025-03-01 19:04:06,U005,10.0.14.85,/secure/hr_docs.pdf,print,success,403,Unknown
2025-03-01 00:16:03,U013,10.0.14.33,/internal/api/data,print,success,1983,"San Antonio, TX"
2025-03-01 07:27:19,U004,10.0.14.166,/admin/settings,executed,denied,0,"Dallas, TX"
2025-03-02 08:43:26,U021,10.0.14.247,/internal/api/data,print,success,1450,"Austin, TX"
2025-03-02 15:52:47,U007,10.0.14.249,/vault/scripts/run.sh,read,success,835,"Houston, TX"
2025-03-01 04:36:15,U001,192.168.3.183,/finance/q1_report.xlsx,executed,success,2000,"Houston, TX"
2025-03-01 17:42:32,U017,172.16.0.7,/logs/auth_failures.log,login,success,779,"San Antonio, TX"
2025-03-02 04:25:01,U016,192.168.3.187,/secure/hr_docs.pdf,login,success,359,"Dallas, TX"
2025-03-01 12:19:56,U001,172.16.0.40,/admin/settings,delete,success,1264,"San Antonio, TX"
2025-03-02 16:57:55,U018,10.0.14.59,/internal/api/data,login,success,1052,"Houston, TX"
2025-03-01 13:53:33,U017,10.0.14.35,/secure/hr_docs.pdf,login,denied,0,"El Paso, TX"
2025-03-02 22:32:16,U012,10.0.14.68,/secure/hr_docs.pdf,login,success,1265,Unknown
2025-03-01 11:46:31,U004,10.0.14.162,/admin/settings,write,success,1850,"El Paso, TX"
2025-03-02 20:03:35,U025,172.16.0.62,/secure/hr_docs.pdf,print,success,1652,"Dallas, TX"
2025-03-01 16:32:31,U025,172.16.0.68,/internal/api/data,print,success,8,"Austin, TX"
2025-03-02 00:55:16,U015,10.0.14.147,/admin/settings,print,success,1426,"San Antonio, TX"
2025-03-02 19:48:25,U018,10.0.14.35,/secure/hr_docs.pdf,print,success,513,"Houston, TX"
2025-03-01 19:43:28,U004,10.0.14.62,/admin/settings,print,success,1404,"San Antonio, TX"
2025-03-01 23:44:39,U025,192.168.3.127,/secure/hr_docs.pdf,login,denied,0,"San Antonio, TX"
2025-03-01 10:07:58,U017,192.168.3.16,/finance/q1_report.xlsx,write,success,1059,"San Antonio, TX"
2025-03-02 01:28:47,U015,192.168.3.88,/user/profile,executed,success,177,"Austin, TX"
2025-03-01 15:34:18,U014,172.16.0.249,/logs/auth_failures.log,print,success,1006,"San Antonio, TX"
2025-03-02 04:21:19,U021,172.16.0.44,/vault/scripts/run.sh,read,success,281,"Houston, TX"
2025-03-01 07:32:20,U020,192.168.3.233,/vault/scripts/run.sh,print,denied,0,"El Paso, TX"
2025-03-01 14:09:22,U016,172.16.0.191,/internal/api/data,print,success,750,"Houston, TX"
2025-03-01 22:51:55,U021,172.16.0.148,/vault/scripts/run.sh,read,denied,0,"Austin, TX"
2025-03-02 09:40:31,U007,172.16.0.69,/logs/auth_failures.log,read,success,1999,Unknown
2025-03-02 17:06:40,U021,192.168.3.215,/admin/settings,login,success,1861,"El Paso, TX"
2025-03-02 00:50:08,U017,10.0.14.195,/internal/api/data,executed,denied,0,"El Paso, TX"
2025-03-01 13:24:28,U008,10.0.14.151,/secure/hr_docs.pdf,write,success,271,"Austin, TX"
2025-03-01 02:20:59,U015,10.0.14.216,/user/profile,print,success,999,"Dallas, TX"
2025-03-01 21:10:10,U009,10.0.14.192,/user/profile,write,success,1530,"Houston, TX"
2025-03-01 14:53:04,U010,192.168.3.11,/finance/q1_report.xlsx,delete,success,8,"San Antonio, TX"
2025-03-02 05:48:43,U001,172.16.0.108,/internal/api/data,write,success,681,"Houston, TX"
2025-03-02 03:55:51,U015,10.0.14.38,/vault/scripts/run.sh,write,success,1641,"Houston, TX"
2025-03-01 00:45:46,U005,192.168.3.106,/secure/hr_docs.pdf,write,success,1260,"Houston, TX"
2025-03-02 03:50:21,U011,10.0.14.121,/user/profile,read,success,22,"Houston, TX"
2025-03-01 05:38:29,U025,10.0.14.207,/vault/scripts/run.sh,login,success,642,Unknown
2025-03-01 11:30:47,U025,192.168.3.237,/logs/auth_failures.log,login,success,1,"Houston, TX"
2025-03-01 15:09:15,U010,172.16.0.157,/finance/q1_report.xlsx,executed,success,1151,"El Paso, TX"
2025-03-01 02:44:46,U010,192.168.3.244,/user/profile,print,success,1729,"El Paso, TX"
2025-03-02 04:27:37,U014,10.0.14.27,/logs/auth_failures.log,executed,success,915,"Dallas, TX"
2025-03-02 00:49:00,U023,10.0.14.26,/logs/auth_failures.log,delete,success,101,"El Paso, TX"
2025-03-02 15:34:08,U009,10.0.14.243,/admin/settings,login,success,626,"Houston, TX"
2025-03-01 14:07:20,U013,10.0.14.85,/internal/api/data,login,success,394,Unknown
2025-03-01 16:08:51,U006,10.0.14.13,/vault/scripts/run.sh,delete,success,275,"Houston, TX"
2025-03-02 02:40:41,U010,172.16.0.87,/admin/settings,read,success,1809,"Houston, TX"
2025-03-01 16:07:48,U016,10.0.14.26,/logs/auth_failures.log,print,denied,0,Unknown
2025-03-02 17:45:36,U023,172.16.0.166,/logs/auth_failures.log,write,success,297,"Dallas, TX"
2025-03-01 20:27:11,U019,172.16.0.218,/finance/q1_report.xlsx,login,success,452,"Dallas, TX"
2025-03-02 02:47:58,U017,10.0.14.137,/secure/hr_docs.pdf,login,success,1348,Unknown
2025-03-01 12:29:16,U011,172.16.0.175,/finance/q1_report.xlsx,write,success,1786,"Dallas, TX"
2025-03-01 05:12:25,U021,192.168.3.23,/finance/q1_report.xlsx,read,success,825,"El Paso, TX"
2025-03-02 08:14:39,U020,172.16.0.132,/user/profile,login,success,585,"Houston, TX"
2025-03-02 07:12:49,U010,192.168.3.90,/vault/scripts/run.sh,write,success,1651,"San Antonio, TX"
2025-03-02 16:48:24,U002,172.16.0.157,/user/profile,login,success,1244,"Austin, TX"
2025-03-02 13:44:37,U020,172.16.0.166,/admin/settings,write,success,847,"Dallas, TX"
2025-03-01 02:28:27,U025,192.168.3.185,/user/profile,executed,success,1626,"Austin, TX"
2025-03-01 18:46:01,U019,10.0.14.206,/vault/scripts/run.sh,print,success,993,Unknown
2025-03-02 09:28:06,U023,172.16.0.209,/user/profile,print,success,229,Unknown
2025-03-02 04:28:28,U014,10.0.14.215,/logs/auth_failures.log,executed,denied,0,"El Paso, TX"
2025-03-02 13:14:53,U013,10.0.14.189,/secure/hr_docs.pdf,login,denied,0,"Austin, TX"
2025-03-02 02:58:55,U013,192.168.3.33,/admin/settings,write,success,1269,Unknown
2025-03-01 09:21:01,U007,172.16.0.197,/user/profile,read,success,1720,"El Paso, TX"
2025-03-01 06:52:03,U003,10.0.14.39,/user/profile,print,success,1609,"San Antonio, TX"
2025-03-02 02:36:54,U009,10.0.14.117,/internal/api/data,read,success,1459,"Dallas, TX"
2025-03-02 23:11:50,U023,172.16.0.85,/user/profile,read,success,1693,"Dallas, TX"
2025-03-02 22:27:43,U006,192.168.3.127,/logs/auth_failures.log,print,success,1817,"Dallas, TX"
2025-03-02 17:37:31,U005,10.0.14.222,/logs/auth_failures.log,delete,success,1034,"San Antonio, TX"
2025-03-01 13:21:24,U003,192.168.3.34,/logs/auth_failures.log,read,success,1366,"El Paso, TX"
2025-03-02 19:18:40,U014,192.168.3.149,/vault/scripts/run.sh,write,success,1884,"Austin, TX"
2025-03-02 19:17:12,U017,172.16.0.123,/secure/hr_docs.pdf,login,success,1032,"San Antonio, TX"
2025-03-02 18:55:13,U025,10.0.14.225,/admin/settings,login,success,1403,"El Paso, TX"
2025-03-02 16:51:24,U022,10.0.14.63,/secure/hr_docs.pdf,login,success,1056,"El Paso, TX"
2025-03-01 09:49:41,U015,172.16.0.147,/vault/scripts/run.sh,write,denied,0,"Dallas, TX"
2025-03-02 07:45:23,U001,10.0.14.246,/user/profile,delete,success,1494,"Houston, TX"
2025-03-01 09:09:51,U008,192.168.3.254,/internal/api/data,login,success,550,Unknown
2025-03-02 02:56:15,U011,172.16.0.108,/finance/q1_report.xlsx,print,success,1569,"Houston, TX"
2025-03-02 09:29:57,U014,172.16.0.236,/vault/scripts/run.sh,login,success,67,"Dallas, TX"
2025-03-02 02:58:57,U021,172.16.0.201,/vault/scripts/run.sh,write,success,346,Unknown
2025-03-02 16:04:15,U018,10.0.14.130,/vault/scripts/run.sh,executed,success,856,"Houston, TX"
2025-03-02 03:05:51,U015,192.168.3.85,/logs/auth_failures.log,read,success,1804,"Austin, TX"
2025-03-02 10:29:16,U023,192.168.3.102,/vault/scripts/run.sh,read,success,1505,"Houston, TX"
2025-03-02 15:11:19,U022,192.168.3.141,/finance/q1_report.xlsx,write,success,869,"Austin, TX"
2025-03-01 03:42:35,U025,172.16.0.33,/admin/settings,read,success,1356,"Dallas, TX"
2025-03-01 13:58:15,U013,192.168.3.46,/vault/scripts/run.sh,read,success,1049,"San Antonio, TX"
2025-03-02 14:53:52,U002,192.168.3.130,/user/profile,delete,success,440,"El Paso, TX"
2025-03-02 21:04:11,U008,192.168.3.85,/secure/hr_docs.pdf,executed,success,578,"El Paso, TX"
2025-03-02 09:26:35,U010,172.16.0.82,/internal/api/data,login,success,897,"Austin, TX"
2025-03-02 08:58:35,U018,10.0.14.105,/logs/auth_failures.log,delete,denied,0,"El Paso, TX"
2025-03-01 09:47:18,U004,10.0.14.244,/internal/api/data,executed,success,459,"San Antonio, TX"
2025-03-01 13:02:40,U003,10.0.14.67,/secure/hr_docs.pdf,delete,success,1786,"Austin, TX"
2025-03-02 16:30:41,U020,172.16.0.154,/vault/scripts/run.sh,write,success,64,"El Paso, TX"
2025-03-01 21:57:57,U006,172.16.0.120,/admin/settings,read,denied,0,"Dallas, TX"
2025-03-02 23:44:09,U020,192.168.3.160,/internal/api/data,read,success,1586,"Houston, TX"
2025-03-01 22:27:58,U012,172.16.0.53,/admin/settings,print,denied,0,"San Antonio, TX"
2025-03-01 14:09:41,U008,192.168.3.75,/secure/hr_docs.pdf,executed,success,709,"Austin, TX"
2025-03-02 13:07:33,U021,192.168.3.32,/secure/hr_docs.pdf,write,success,124,"Houston, TX"
2025-03-02 13:51:50,U009,172.16.0.25,/user/profile,print,success,36,"Dallas, TX"
2025-03-02 15:05:19,U023,10.0.14.68,/admin/settings,read,success,677,"Dallas, TX"
2025-03-01 13:35:11,U018,10.0.14.245,/finance/q1_report.xlsx,delete,success,142,"San Antonio, TX"
2025-03-02 03:48:51,U014,192.168.3.161,/secure/hr_docs.pdf,write,success,240,"Austin, TX"
2025-03-01 18:53:16,U005,192.168.3.245,/vault/scripts/run.sh,read,success,1935,Unknown
2025-03-02 13:32:34,U021,172.16.0.36,/admin/settings,print,denied,0,"Austin, TX"
2025-03-02 19:45:15,U010,10.0.14.241,/vault/scripts/run.sh,read,denied,0,"San Antonio, TX"
2025-03-02 23:05:47,U006,10.0.14.131,/internal/api/data,write,success,1929,"San Antonio, TX"
2025-03-01 19:32:39,U004,172.16.0.253,/logs/auth_failures.log,delete,success,1048,"San Antonio, TX"
2025-03-01 22:34:35,U023,10.0.14.55,/admin/settings,executed,success,1515,"El Paso, TX"
2025-03-02 10:32:49,U025,10.0.14.108,/vault/scripts/run.sh,write,success,1489,"Houston, TX"
2025-03-01 01:35:26,U024,172.16.0.209,/admin/settings,read,success,1111,"San Antonio, TX"
2025-03-01 04:29:38,U003,172.16.0.103,/secure/hr_docs.pdf,executed,success,730,"Austin, TX"
2025-03-01 08:17:10,U017,10.0.14.127,/secure/hr_docs.pdf,print,success,1331,"Dallas, TX"
2025-03-01 21:43:34,U003,10.0.14.210,/user/profile,print,success,864,"El Paso, TX"
2025-03-02 10:11:17,U016,10.0.14.219,/admin/settings,login,denied,0,"Dallas, TX"
2025-03-02 19:57:12,U012,192.168.3.212,/finance/q1_report.xlsx,executed,success,1013,Unknown
2025-03-01 11:12:09,U011,10.0.14.120,/admin/settings,print,success,1970,"Dallas, TX"
2025-03-02 03:30:06,U019,192.168.3.2,/logs/auth_failures.log,read,success,1450,"San Antonio, TX"
2025-03-02 10:06:06,U024,192.168.3.190,/logs/auth_failures.log,login,success,115,Unknown
2025-03-01 16:21:21,U009,172.16.0.2,/admin/settings,write,success,965,"Houston, TX"
2025-03-01 01:37:14,U013,10.0.14.120,/admin/settings,delete,success,1910,Unknown
2025-03-01 13:09:06,U023,192.168.3.151,/internal/api/data,print,success,861,"Austin, TX"
2025-03-01 17:33:52,U001,172.16.0.190,/internal/api/data,write,success,315,"Austin, TX"
2025-03-02 06:24:51,U025,10.0.14.188,/secure/hr_docs.pdf,executed,success,17,"Houston, TX"
2025-03-01 18:13:46,U015,172.16.0.253,/logs/auth_failures.log,executed,success,1782,"Dallas, TX"
2025-03-02 18:17:46,U011,172.16.0.75,/admin/settings,delete,success,809,"San Antonio, TX"
2025-03-01 19:06:29,U003,192.168.3.209,/secure/hr_docs.pdf,read,success,758,"Austin, TX"
2025-03-01 16:38:52,U015,10.0.14.169,/logs/auth_failures.log,login,success,1305,Unknown
2025-03-02 17:29:26,U020,10.0.14.31,/internal/api/data,print,success,1984,"Austin, TX"
2025-03-01 13:33:53,U016,192.168.3.124,/logs/auth_failures.log,read,success,1650,"Dallas, TX"
2025-03-02 05:27:09,U017,192.168.3.146,/admin/settings,executed,denied,0,"Houston, TX"
2025-03-02 05:28:48,U016,10.0.14.23,/user/profile,delete,success,732,"El Paso, TX"
2025-03-01 17:30:58,U003,10.0.14.221,/secure/hr_docs.pdf,read,denied,0,Unknown
2025-03-01 17:53:03,U006,172.16.0.242,/user/profile,login,success,87,"Dallas, TX"
2025-03-01 01:07:06,U013,10.0.14.200,/vault/scripts/run.sh,login,success,284,"Houston, TX"
2025-03-01 11:18:43,U009,172.16.0.248,/finance/q1_report.xlsx,login,success,1761,Unknown
2025-03-01 20:10:00,U010,192.168.3.85,/finance/q1_report.xlsx,print,success,998,"Houston, TX"
2025-03-01 08:56:02,U013,10.0.14.122,/user/profile,print,success,1784,"San Antonio, TX"
2025-03-01 03:46:45,U005,172.16.0.122,/secure/hr_docs.pdf,write,success,493,Unknown
2025-03-01 08:50:58,U015,10.0.14.37,/logs/auth_failures.log,write,success,1808,"Dallas, TX"
2025-03-01 08:29:21,U007,10.0.14.242,/user/profile,print,success,1992,"San Antonio, TX"
2025-03-01 03:52:26,U019,192.168.3.34,/secure/hr_docs.pdf,read,success,1420,"El Paso, TX"
2025-03-02 01:00:48,U011,10.0.14.89,/admin/settings,write,success,1478,"El Paso, TX"
2025-03-01 00:53:18,U005,192.168.3.98,/internal/api/data,read,success,251,"Austin, TX"
2025-03-02 15:25:14,U005,10.0.14.85,/vault/scripts/run.sh,print,denied,0,"Austin, TX"
2025-03-02 20:07:29,U006,10.0.14.90,/user/profile,login,success,1394,"Austin, TX"
2025-03-02 16:04:36,U004,172.16.0.109,/finance/q1_report.xlsx,write,success,1348,"Austin, TX"
2025-03-02 04:09:42,U023,192.168.3.42,/logs/auth_failures.log,read,success,1163,"San Antonio, TX"
2025-03-02 06:46:00,U022,172.16.0.176,/vault/scripts/run.sh,read,success,1099,"San Antonio, TX"
2025-03-02 15:37:36,U005,172.16.0.217,/vault/scripts/run.sh,print,success,1909,"Dallas, TX"
2025-03-01 02:58:15,U003,172.16.0.44,/finance/q1_report.xlsx,login,success,1465,"El Paso, TX"
2025-03-01 13:54:16,U005,10.0.14.206,/admin/settings,executed,success,194,"Austin, TX"
2025-03-01 11:08:10,U021,192.168.3.223,/admin/settings,print,success,1422,Unknown
2025-03-01 04:52:09,U020,10.0.14.117,/admin/settings,executed,success,862,"San Antonio, TX"
2025-03-01 03:15:13,U017,192.168.3.47,/logs/auth_failures.log,delete,denied,0,"Houston, TX"
2025-03-02 13:26:03,U024,10.0.14.241,/admin/settings,delete,denied,0,"El Paso, TX"
2025-03-01 05:44:32,U023,172.16.0.69,/logs/auth_failures.log,delete,denied,0,"Austin, TX"
2025-03-02 07:41:11,U002,192.168.3.62,/logs/auth_failures.log,write,success,1715,"San Antonio, TX"
2025-03-02 15:08:55,U013,192.168.3.193,/finance/q1_report.xlsx,write,success,826,"Austin, TX"
2025-03-01 00:35:43,U023,172.16.0.167,/internal/api/data,executed,success,641,"El Paso, TX"
2025-03-02 14:11:17,U005,10.0.14.15,/vault/scripts/run.sh,read,denied,0,"Dallas, TX"
2025-03-02 16:27:37,U012,192.168.3.162,/user/profile,print,success,1381,"San Antonio, TX"
2025-03-02 06:53:32,U006,10.0.14.182,/internal/api/data,login,denied,0,"El Paso, TX"
2025-03-02 05:57:06,U008,172.16.0.58,/finance/q1_report.xlsx,login,success,715,"Dallas, TX"
2025-03-02 13:42:15,U004,10.0.14.211,/vault/scripts/run.sh,delete,success,840,"Houston, TX"
2025-03-01 17:09:53,U021,10.0.14.247,/vault/scripts/run.sh,delete,success,919,"Austin, TX"
2025-03-01 20:28:12,U009,172.16.0.234,/vault/scripts/run.sh,login,success,1245,"Austin, TX"
2025-03-01 18:07:35,U018,172.16.0.69,/internal/api/data,executed,success,202,"San Antonio, TX"
2025-03-01 09:46:27,U007,172.16.0.170,/finance/q1_report.xlsx,executed,success,1147,"Houston, TX"
2025-03-01 10:24:59,U007,10.0.14.1,/logs/auth_failures.log,read,success,907,"Dallas, TX"
2025-03-01 07:40:57,U025,192.168.3.25,/vault/scripts/run.sh,executed,success,339,"San Antonio, TX"
2025-03-01 03:48:59,U006,10.0.14.56,/finance/q1_report.xlsx,login,success,847,Unknown
2025-03-01 09:11:24,U024,10.0.14.44,/admin/settings,login,denied,0,"Houston, TX"
2025-03-01 08:59:46,U002,192.168.3.71,/admin/settings,print,success,1291,"El Paso, TX"
2025-03-01 11:22:35,U009,192.168.3.35,/vault/scripts/run.sh,executed,success,1309,Unknown
2025-03-02 08:37:43,U012,172.16.0.199,/finance/q1_report.xlsx,read,success,523,"El Paso, TX"
2025-03-01 10:22:40,U018,172.16.0.81,/admin/settings,delete,success,1593,"El Paso, TX"
2025-03-02 23:31:36,U007,172.16.0.151,/user/profile,write,success,1083,Unknown
2025-03-01 21:21:51,U002,192.168.3.59,/internal/api/data,login,success,1520,"Austin, TX"
2025-03-02 04:21:36,U016,172.16.0.176,/admin/settings,login,success,47,Unknown
2025-03-01 09:31:27,U003,10.0.14.140,/admin/settings,read,success,983,"Austin, TX"
2025-03-02 16:01:02,U020,10.0.14.150,/internal/api/data,write,success,614,"Dallas, TX"
2025-03-01 14:23:47,U021,172.16.0.64,/finance/q1_report.xlsx,print,success,1083,"Houston, TX"
2025-03-01 21:59:06,U006,172.16.0.193,/logs/auth_failures.log,read,success,788,"Dallas, TX"
2025-03-01 10:14:59,U012,10.0.14.138,/logs/auth_failures.log,write,success,1175,"Dallas, TX"
2025-03-02 19:53:08,U020,10.0.14.112,/secure/hr_docs.pdf,delete,success,671,"Austin, TX"
2025-03-02 03:47:29,U014,192.168.3.28,/vault/scripts/run.sh,delete,success,1733,"Houston, TX"
2025-03-01 07:41:51,U005,10.0.14.252,/vault/scripts/run.sh,delete,success,1675,"Dallas, TX"
2025-03-02 21:49:26,U008,192.168.3.236,/logs/auth_failures.log,login,success,1068,"San Antonio, TX"
2025-03-02 17:17:46,U010,10.0.14.122,/secure/hr_docs.pdf,print,success,1112,"El Paso, TX"
2025-03-01 15:49:20,U011,10.0.14.235,/secure/hr_docs.pdf,read,success,681,"Austin, TX"
2025-03-01 13:48:30,U019,10.0.14.118,/finance/q1_report.xlsx,executed,success,133,"San Antonio, TX"
2025-03-02 15:15:11,U019,10.0.14.201,/internal/api/data,print,success,915,"Dallas, TX"
2025-03-02 00:06:30,U012,10.0.14.93,/finance/q1_report.xlsx,delete,success,1795,Unknown
2025-03-01 21:12:03,U022,192.168.3.99,/finance/q1_report.xlsx,write,success,796,"Houston, TX"
2025-03-01 19:28:45,U004,10.0.14.49,/finance/q1_report.xlsx,delete,success,244,"Dallas, TX"
2025-03-02 03:11:40,U017,10.0.14.243,/internal/api/data,write,success,1206,"San Antonio, TX"
2025-03-02 04:02:21,U011,10.0.14.41,/internal/api/data,executed,success,33,Unknown
2025-03-01 21:24:23,U020,10.0.14.12,/vault/scripts/run.sh,login,denied,0,Unknown
2025-03-01 02:30:06,U022,172.16.0.236,/internal/api/data,executed,success,1948,"Houston, TX"
2025-03-02 22:46:53,U018,192.168.3.164,/finance/q1_report.xlsx,delete,denied,0,"Dallas, TX"
2025-03-01 15:48:11,U005,10.0.14.89,/finance/q1_report.xlsx,write,success,1381,"Houston, TX"
2025-03-01 08:29:35,U017,172.16.0.41,/internal/api/data,print,success,1392,"Dallas, TX"
2025-03-01 23:21:06,U014,172.16.0.187,/secure/hr_docs.pdf,delete,success,93,"Austin, TX"
2025-03-01 16:52:27,U017,10.0.14.123,/logs/auth_failures.log,login,success,1392,"Austin, TX"
2025-03-01 05:59:09,U005,172.16.0.29,/user/profile,read,success,1394,"San Antonio, TX"
2025-03-02 09:23:23,U005,10.0.14.219,/vault/scripts/run.sh,delete,success,900,Unknown
2025-03-02 19:03:16,U014,172.16.0.59,/internal/api/data,print,success,18,"Dallas, TX"
2025-03-01 15:18:29,U020,192.168.3.41,/logs/auth_failures.log,print,success,289,"Houston, TX"
2025-03-01 18:29:55,U025,10.0.14.219,/logs/auth_failures.log,read,success,1333,"Houston, TX"
2025-03-01 02:34:00,U001,10.0.14.15,/internal/api/data,print,success,1338,"El Paso, TX"
2025-03-01 02:32:51,U016,10.0.14.17,/secure/hr_docs.pdf,write,success,1718,"Dallas, TX"
2025-03-01 09:24:48,U004,172.16.0.228,/user/profile,print,denied,0,"Dallas, TX"
2025-03-02 04:13:35,U024,10.0.14.231,/logs/auth_failures.log,print,success,1312,"Austin, TX"
2025-03-02 14:42:27,U009,10.0.14.17,/admin/settings,write,success,1224,"Austin, TX"
2025-03-01 09:48:40,U010,192.168.3.113,/secure/hr_docs.pdf,read,success,1569,"El Paso, TX"
2025-03-01 04:49:21,U022,192.168.3.82,/user/profile,executed,success,1419,"Austin, TX"
2025-03-01 09:44:27,U004,10.0.14.157,/admin/settings,delete,success,18,"Austin, TX"
2025-03-02 23:17:53,U019,172.16.0.178,/admin/settings,login,success,333,"Austin, TX"
2025-03-02 19:39:00,U014,192.168.3.147,/vault/scripts/run.sh,executed,success,842,"El Paso, TX"
2025-03-01 21:12:42,U022,192.168.3.27,/vault/scripts/run.sh,print,success,1907,"Dallas, TX"
2025-03-01 14:58:08,U021,10.0.14.98,/secure/hr_docs.pdf,read,success,1214,"San Antonio, TX"
2025-03-01 21:21:56,U007,172.16.0.152,/admin/settings,delete,success,1770,"El Paso, TX"
2025-03-01 04:44:25,U021,192.168.3.105,/internal/api/data,login,success,566,"San Antonio, TX"
2025-03-02 22:30:37,U005,10.0.14.58,/secure/hr_docs.pdf,print,success,383,"San Antonio, TX"
2025-03-02 17:20:07,U012,192.168.3.98,/finance/q1_report.xlsx,delete,success,1012,"Austin, TX"
2025-03-02 14:49:48,U019,192.168.3.219,/logs/auth_failures.log,login,success,1770,Unknown
2025-03-02 17:37:49,U011,10.0.14.103,/secure/hr_docs.pdf,print,success,1711,"El Paso, TX"
2025-03-01 06:45:27,U020,172.16.0.245,/vault/scripts/run.sh,executed,success,769,"Dallas, TX"
2025-03-01 22:13:50,U019,192.168.3.125,/vault/scripts/run.sh,write,success,169,"El Paso, TX"
2025-03-02 03:32:49,U009,172.16.0.115,/admin/settings,write,success,224,"Houston, TX"
2025-03-02 02:41:58,U025,10.0.14.106,/finance/q1_report.xlsx,write,success,1282,Unknown
2025-03-01 21:31:25,U013,10.0.14.155,/user/profile,read,success,1240,"Austin, TX"
2025-03-02 15:05:26,U011,172.16.0.245,/user/profile,write,success,1150,"Dallas, TX"
2025-03-02 05:16:12,U004,192.168.3.231,/admin/settings,write,success,1795,"Dallas, TX"
2025-03-02 07:30:38,U018,172.16.0.144,/user/profile,write,success,1888,"Houston, TX"
2025-03-01 20:40:48,U013,10.0.14.181,/finance/q1_report.xlsx,read,success,1481,"Austin, TX"
2025-03-01 00:36:23,U017,172.16.0.48,/finance/q1_report.xlsx,delete,success,1530,"Austin, TX"
2025-03-02 09:57:49,U018,192.168.3.251,/user/profile,write,success,53,"Austin, TX"
2025-03-02 21:28:30,U010,192.168.3.84,/internal/api/data,print,success,620,"El Paso, TX"
2025-03-02 05:43:09,U009,10.0.14.104,/vault/scripts/run.sh,login,success,853,"Dallas, TX"
2025-03-02 10:53:08,U022,10.0.14.83,/finance/q1_report.xlsx,executed,success,1499,"San Antonio, TX"
2025-03-01 02:39:37,U013,172.16.0.118,/admin/settings,executed,success,615,"El Paso, TX"
2025-03-02 22:43:03,U014,192.168.3.19,/secure/hr_docs.pdf,write,denied,0,"Dallas, TX"
2025-03-02 16:14:57,U001,192.168.3.40,/internal/api/data,executed,denied,0,"Houston, TX"
2025-03-01 20:10:23,U005,192.168.3.121,/secure/hr_docs.pdf,print,success,1448,Unknown
2025-03-01 17:03:58,U015,172.16.0.98,/user/profile,delete,success,706,"Houston, TX"
2025-03-02 23:08:01,U023,192.168.3.221,/secure/hr_docs.pdf,read,denied,0,"Dallas, TX"
2025-03-01 10:05:42,U025,172.16.0.254,/admin/settings,login,success,1215,"El Paso, TX"
2025-03-02 18:39:14,U025,172.16.0.229,/internal/api/data,print,success,604,"Houston, TX"
2025-03-02 08:32:37,U002,192.168.3.4,/secure/hr_docs.pdf,print,success,569,"El Paso, TX"
2025-03-01 09:11:38,U018,10.0.14.130,/finance/q1_report.xlsx,print,success,1383,"Dallas, TX"
2025-03-01 04:23:30,U021,10.0.14.198,/user/profile,executed,success,198,Unknown
2025-03-02 13:38:19,U014,10.0.14.34,/logs/auth_failures.log,print,success,1062,Unknown
2025-03-01 21:39:50,U005,192.168.3.95,/secure/hr_docs.pdf,write,success,110,"San Antonio, TX"
2025-03-01 13:30:15,U013,192.168.3.167,/user/profile,read,success,0,"Austin, TX"
2025-03-02 06:58:24,U011,172.16.0.130,/secure/hr_docs.pdf,print,success,277,"San Antonio, TX"
2025-03-02 16:52:04,U020,10.0.14.32,/internal/api/data,print,success,1467,"El Paso, TX"
2025-03-01 01:18:27,U004,192.168.3.160,/secure/hr_docs.pdf,print,success,1979,"Austin, TX"
2025-03-01 06:05:29,U001,192.168.3.131,/vault/scripts/run.sh,read,success,923,"Houston, TX"
2025-03-02 22:02:26,U003,192.168.3.58,/logs/auth_failures.log,login,success,1015,"San Antonio, TX"
2025-03-01 18:02:29,U006,10.0.14.246,/finance/q1_report.xlsx,delete,success,1303,Unknown
2025-03-02 15:02:39,U010,10.0.14.207,/admin/settings,login,success,1116,"Dallas, TX"
2025-03-01 02:26:58,U015,172.16.0.1,/secure/hr_docs.pdf,login,success,1076,"Houston, TX"
2025-03-02 07:34:18,U002,192.168.3.166,/secure/hr_docs.pdf,print,success,988,"Dallas, TX"
2025-03-01 13:35:53,U003,10.0.14.73,/internal/api/data,print,success,287,"Austin, TX"
2025-03-01 14:20:59,U010,10.0.14.159,/vault/scripts/run.sh,write,success,1657,"Austin, TX"
2025-03-02 00:09:33,U006,172.16.0.194,/finance/q1_report.xlsx,delete,denied,0,"Austin, TX"
2025-03-01 05:33:18,U008,172.16.0.157,/admin/settings,print,success,1933,"Austin, TX"
2025-03-01 11:25:08,U011,172.16.0.102,/vault/scripts/run.sh,executed,success,1911,Unknown
2025-03-02 19:41:22,U010,172.16.0.189,/admin/settings,write,denied,0,"El Paso, TX"
2025-03-02 18:31:04,U012,192.168.3.86,/user/profile,write,success,1793,"Houston, TX"
2025-03-02 05:54:08,U001,10.0.14.177,/vault/scripts/run.sh,read,success,948,"San Antonio, TX"
2025-03-02 18:05:26,U020,172.16.0.105,/admin/settings,read,denied,0,Unknown
2025-03-02 08:50:45,U013,192.168.3.223,/user/profile,write,success,725,"El Paso, TX"
2025-03-01 02:54:18,U013,192.168.3.60,/vault/scripts/run.sh,write,success,321,"Houston, TX"
2025-03-01 01:09:35,U010,172.16.0.219,/secure/hr_docs.pdf,write,success,1679,"Austin, TX"
2025-03-02 10:16:16,U004,192.168.3.195,/admin/settings,write,success,309,"Dallas, TX"
2025-03-02 21:22:33,U005,10.0.14.175,/internal/api/data,print,success,1663,"El Paso, TX"
2025-03-01 09:27:29,U025,192.168.3.5,/finance/q1_report.xlsx,delete,success,1944,Unknown
2025-03-02 05:43:25,U023,172.16.0.123,/user/profile,delete,success,1794,"Houston, TX"
2025-03-02 10:16:26,U020,172.16.0.62,/finance/q1_report.xlsx,login,success,964,"Austin, TX"
2025-03-02 10:21:57,U018,10.0.14.53,/secure/hr_docs.pdf,executed,success,61,"El Paso, TX"
2025-03-01 13:43:13,U015,192.168.3.126,/admin/settings,login,success,730,"El Paso, TX"
2025-03-02 22:38:11,U007,192.168.3.31,/admin/settings,print,success,881,"El Paso, TX"
2025-03-02 01:20:39,U009,10.0.14.164,/logs/auth_failures.log,delete,success,924,"Dallas, TX"
2025-03-01 14:45:33,U025,10.0.14.233,/internal/api/data,delete,success,18,"Austin, TX"
2025-03-02 03:55:23,U014,172.16.0.69,/vault/scripts/run.sh,print,success,826,"El Paso, TX"
2025-03-01 17:31:18,U019,10.0.14.6,/logs/auth_failures.log,write,success,1671,"San Antonio, TX"
2025-03-01 04:29:03,U008,192.168.3.82,/secure/hr_docs.pdf,print,success,1806,"Houston, TX"
2025-03-02 04:49:43,U016,172.16.0.247,/admin/settings,read,denied,0,"Austin, TX"
2025-03-01 12:09:32,U009,172.16.0.187,/secure/hr_docs.pdf,executed,success,460,"Houston, TX"
2025-03-01 02:44:57,U011,10.0.14.103,/internal/api/data,login,success,1058,"Austin, TX"
2025-03-01 01:55:32,U016,10.0.14.246,/admin/settings,write,success,1605,Unknown
2025-03-01 22:30:47,U023,192.168.3.192,/finance/q1_report.xlsx,executed,success,1016,"Austin, TX"
2025-03-02 08:34:59,U011,172.16.0.65,/finance/q1_report.xlsx,read,success,36,"Dallas, TX"
2025-03-02 10:37:32,U019,10.0.14.119,/secure/hr_docs.pdf,read,success,769,"Houston, TX"
2025-03-02 16:00:58,U015,10.0.14.177,/secure/hr_docs.pdf,delete,denied,0,"Dallas, TX"
2025-03-02 08:55:14,U015,192.168.3.2,/internal/api/data,delete,success,1761,Unknown
2025-03-01 20:20:10,U003,10.0.14.3,/secure/hr_docs.pdf,delete,denied,0,Unknown
2025-03-01 02:43:37,U007,10.0.14.68,/vault/scripts/run.sh,delete,success,367,"Austin, TX"
2025-03-01 02:34:58,U018,172.16.0.149,/vault/scripts/run.sh,login,success,1362,"Houston, TX"
2025-03-01 12:50:09,U020,192.168.3.44,/user/profile,print,success,1204,"Houston, TX"
2025-03-01 09:36:15,U007,192.168.3.99,/finance/q1_report.xlsx,login,denied,0,"Austin, TX"
2025-03-02 19:14:45,U008,192.168.3.140,/vault/scripts/run.sh,executed,success,831,"Austin, TX"
2025-03-01 09:11:04,U024,192.168.3.82,/internal/api/data,print,denied,0,"Dallas, TX"
2025-03-02 19:31:00,U005,192.168.3.238,/admin/settings,print,success,1005,"El Paso, TX"
2025-03-01 04:55:36,U001,10.0.14.25,/secure/hr_docs.pdf,executed,success,1965,"Houston, TX"
2025-03-01 02:34:13,U005,192.168.3.94,/internal/api/data,delete,success,1955,"Dallas, TX"
2025-03-01 20:59:02,U008,10.0.14.160,/internal/api/data,print,success,1984,"San Antonio, TX"
2025-03-02 17:20:18,U020,172.16.0.196,/vault/scripts/run.sh,read,denied,0,"El Paso, TX"
2025-03-02 11:32:58,U025,10.0.14.92,/secure/hr_docs.pdf,executed,success,1341,"Houston, TX"
2025-03-02 08:37:14,U024,192.168.3.147,/finance/q1_report.xlsx,read,success,1000,"Houston, TX"
2025-03-01 10:11:18,U010,192.168.3.8,/user/profile,print,denied,0,"Houston, TX"
2025-03-01 17:43:07,U011,172.16.0.155,/finance/q1_report.xlsx,executed,success,1011,"El Paso, TX"
2025-03-02 08:56:17,U025,192.168.3.25,/vault/scripts/run.sh,read,success,83,Unknown
2025-03-02 20:03:18,U012,10.0.14.216,/user/profile,login,success,1556,"Dallas, TX"
2025-03-02 10:02:19,U009,10.0.14.213,/logs/auth_failures.log,print,success,1223,"El Paso, TX"
2025-03-01 22:56:21,U024,192.168.3.8,/vault/scripts/run.sh,read,success,767,"Austin, TX"
2025-03-01 12:14:06,U015,10.0.14.19,/vault/scripts/run.sh,delete,success,151,"Houston, TX"
2025-03-01 02:00:41,U025,10.0.14.138,/admin/settings,print,success,524,Unknown
2025-03-01 04:44:35,U018,172.16.0.139,/secure/hr_docs.pdf,write,success,1949,"San Antonio, TX"
2025-03-01 02:41:45,U025,192.168.3.182,/finance/q1_report.xlsx,delete,success,1187,"Houston, TX"
2025-03-01 10:39:37,U006,192.168.3.223,/internal/api/data,write,success,1729,"Houston, TX"
2025-03-01 08:53:07,U016,172.16.0.127,/logs/auth_failures.log,executed,success,1118,"Dallas, TX"
2025-03-02 21:11:46,U019,172.16.0.1,/logs/auth_failures.log,read,denied,0,"El Paso, TX"
2025-03-02 21:30:31,U006,192.168.3.156,/logs/auth_failures.log,login,success,55,"Dallas, TX"
2025-03-01 17:33:54,U009,172.16.0.35,/finance/q1_report.xlsx,read,success,229,Unknown
2025-03-01 11:15:51,U015,192.168.3.167,/user/profile,delete,success,200,"Austin, TX"
2025-03-01 00:32:49,U023,10.0.14.55,/admin/settings,login,success,1511,"San Antonio, TX"
2025-03-02 23:01:09,U022,172.16.0.202,/admin/settings,executed,success,1568,"Houston, TX"
2025-03-02 08:59:46,U019,10.0.14.66,/secure/hr_docs.pdf,login,success,480,"Dallas, TX"
2025-03-02 16:54:22,U020,10.0.14.208,/user/profile,print,success,1034,"Austin, TX"
2025-03-02 11:16:04,U010,172.16.0.60,/finance/q1_report.xlsx,write,success,944,"Austin, TX"
2025-03-02 13:06:07,U022,172.16.0.24,/internal/api/data,write,success,1847,"Austin, TX"
2025-03-02 03:20:36,U009,192.168.3.198,/logs/auth_failures.log,print,success,991,"El Paso, TX"
2025-03-01 13:42:45,U013,172.16.0.98,/logs/auth_failures.log,executed,success,289,"Houston, TX"
2025-03-01 15:50:57,U014,192.168.3.222,/admin/settings,read,success,798,Unknown
2025-03-02 08:33:05,U014,10.0.14.197,/user/profile,print,success,1927,"Houston, TX"
2025-03-02 08:11:16,U020,192.168.3.82,/finance/q1_report.xlsx,delete,success,1047,"Austin, TX"
2025-03-02 13:55:43,U001,10.0.14.153,/vault/scripts/run.sh,login,success,812,"El Paso, TX"
2025-03-01 21:46:08,U004,192.168.3.58,/admin/settings,write,success,1084,"Houston, TX"
